order_item_refund_id,created_at,order_item_id,order_id,refund_amount_usd,order_item_refund_date
1,32:43.0,57,57,49.99,06-04-2012
2,09:43.0,74,74,49.99,13-04-2012
3,03:48.0,71,71,49.99,15-04-2012
4,00:37.0,118,118,49.99,17-04-2012
5,53:49.0,116,116,49.99,22-04-2012
6,59:07.0,147,147,49.99,04-05-2012
7,41:14.0,186,186,49.99,12-05-2012
8,06:01.0,191,191,49.99,16-05-2012
9,00:09.0,179,179,49.99,24-05-2012
10,20:44.0,199,199,49.99,30-05-2012
11,22:14.0,271,271,49.99,06-06-2012
12,54:47.0,290,290,49.99,10-06-2012
13,13:12.0,335,335,49.99,20-06-2012
14,54:22.0,382,382,49.99,28-06-2012
15,50:01.0,357,357,49.99,29-06-2012
16,24:53.0,409,409,49.99,05-07-2012
17,36:44.0,368,368,49.99,07-07-2012
18,54:28.0,391,391,49.99,07-07-2012
19,59:09.0,424,424,49.99,08-07-2012
20,31:05.0,393,393,49.99,10-07-2012
21,16:10.0,442,442,49.99,11-07-2012
22,57:16.0,472,472,49.99,19-07-2012
23,51:53.0,470,470,49.99,20-07-2012
24,45:01.0,469,469,49.99,21-07-2012
25,53:11.0,471,471,49.99,22-07-2012
26,03:58.0,468,468,49.99,27-07-2012
27,41:18.0,467,467,49.99,29-07-2012
28,43:50.0,500,500,49.99,31-07-2012
29,50:52.0,501,501,49.99,01-08-2012
30,16:41.0,568,568,49.99,06-08-2012
31,45:11.0,545,545,49.99,08-08-2012
32,14:14.0,558,558,49.99,09-08-2012
33,39:11.0,577,577,49.99,12-08-2012
34,26:58.0,648,648,49.99,12-08-2012
35,07:26.0,669,669,49.99,15-08-2012
36,58:58.0,587,587,49.99,16-08-2012
37,42:29.0,581,581,49.99,17-08-2012
38,43:39.0,584,584,49.99,17-08-2012
39,15:40.0,638,638,49.99,18-08-2012
40,19:51.0,676,676,49.99,20-08-2012
41,16:35.0,717,717,49.99,23-08-2012
42,15:48.0,661,661,49.99,24-08-2012
43,21:11.0,694,694,49.99,27-08-2012
44,26:16.0,668,668,49.99,27-08-2012
45,16:18.0,739,739,49.99,29-08-2012
46,11:58.0,718,718,49.99,29-08-2012
47,36:40.0,780,780,49.99,01-09-2012
48,08:59.0,786,786,49.99,03-09-2012
49,52:41.0,760,760,49.99,08-09-2012
50,31:11.0,844,844,49.99,12-09-2012
51,09:10.0,823,823,49.99,13-09-2012
52,45:19.0,883,883,49.99,14-09-2012
53,09:54.0,818,818,49.99,14-09-2012
54,56:14.0,900,900,49.99,14-09-2012
55,00:25.0,838,838,49.99,15-09-2012
56,18:27.0,807,807,49.99,15-09-2012
57,07:59.0,910,910,49.99,18-09-2012
58,57:16.0,849,849,49.99,19-09-2012
59,50:53.0,988,988,49.99,22-09-2012
60,27:05.0,934,934,49.99,24-09-2012
61,13:26.0,993,993,49.99,24-09-2012
62,49:53.0,950,950,49.99,24-09-2012
63,14:53.0,969,969,49.99,25-09-2012
64,07:36.0,953,953,49.99,27-09-2012
65,26:24.0,905,905,49.99,27-09-2012
66,44:05.0,941,941,49.99,29-09-2012
67,29:56.0,939,939,49.99,30-09-2012
68,14:21.0,1006,1006,49.99,02-10-2012
69,06:14.0,1107,1107,49.99,05-10-2012
70,22:42.0,1069,1069,49.99,05-10-2012
71,04:13.0,984,984,49.99,06-10-2012
72,54:10.0,1021,1021,49.99,06-10-2012
73,25:32.0,1129,1129,49.99,07-10-2012
74,51:25.0,1103,1103,49.99,07-10-2012
75,43:52.0,1036,1036,49.99,08-10-2012
76,23:40.0,1063,1063,49.99,10-10-2012
77,15:44.0,1078,1078,49.99,10-10-2012
78,18:51.0,1056,1056,49.99,10-10-2012
79,35:11.0,1145,1145,49.99,13-10-2012
80,15:52.0,1123,1123,49.99,14-10-2012
81,24:18.0,1226,1226,49.99,17-10-2012
82,42:51.0,1279,1279,49.99,20-10-2012
83,49:01.0,1245,1245,49.99,20-10-2012
84,42:47.0,1271,1271,49.99,21-10-2012
85,33:07.0,1167,1167,49.99,22-10-2012
86,28:55.0,1243,1243,49.99,22-10-2012
87,58:17.0,1318,1318,49.99,23-10-2012
88,26:48.0,1227,1227,49.99,25-10-2012
89,25:27.0,1283,1283,49.99,26-10-2012
90,17:14.0,1222,1222,49.99,28-10-2012
91,19:14.0,1233,1233,49.99,29-10-2012
92,02:36.0,1274,1274,49.99,01-11-2012
93,40:26.0,1426,1426,49.99,01-11-2012
94,56:47.0,1267,1267,49.99,01-11-2012
95,46:50.0,1451,1451,49.99,02-11-2012
96,58:54.0,1445,1445,49.99,03-11-2012
97,41:25.0,1393,1393,49.99,04-11-2012
98,35:20.0,1351,1351,49.99,05-11-2012
99,47:45.0,1324,1324,49.99,06-11-2012
100,59:29.0,1480,1480,49.99,06-11-2012
101,23:24.0,1422,1422,49.99,07-11-2012
102,25:56.0,1368,1368,49.99,09-11-2012
103,57:29.0,1515,1515,49.99,11-11-2012
104,31:27.0,1468,1468,49.99,12-11-2012
105,28:08.0,1525,1525,49.99,13-11-2012
106,51:02.0,1547,1547,49.99,13-11-2012
107,09:00.0,1443,1443,49.99,14-11-2012
108,42:32.0,1559,1559,49.99,14-11-2012
109,18:16.0,1576,1576,49.99,15-11-2012
110,31:01.0,1552,1552,49.99,15-11-2012
111,07:01.0,1584,1584,49.99,17-11-2012
112,47:59.0,1483,1483,49.99,17-11-2012
113,31:16.0,1532,1532,49.99,18-11-2012
114,56:28.0,1544,1544,49.99,18-11-2012
115,29:51.0,1626,1626,49.99,19-11-2012
116,39:21.0,1638,1638,49.99,21-11-2012
117,20:39.0,1528,1528,49.99,21-11-2012
118,35:09.0,1653,1653,49.99,22-11-2012
119,13:28.0,1637,1637,49.99,25-11-2012
120,54:01.0,1756,1756,49.99,25-11-2012
121,35:40.0,1660,1660,49.99,26-11-2012
122,40:13.0,1646,1646,49.99,26-11-2012
123,13:16.0,1631,1631,49.99,26-11-2012
124,18:30.0,1617,1617,49.99,27-11-2012
125,36:25.0,1779,1779,49.99,27-11-2012
126,57:24.0,1848,1848,49.99,27-11-2012
127,18:26.0,1748,1748,49.99,27-11-2012
128,24:41.0,1815,1815,49.99,28-11-2012
129,23:54.0,1604,1604,49.99,28-11-2012
130,23:22.0,1908,1908,49.99,29-11-2012
131,45:33.0,1636,1636,49.99,30-11-2012
132,26:56.0,2064,2064,49.99,02-12-2012
133,46:16.0,2051,2051,49.99,02-12-2012
134,09:37.0,1988,1988,49.99,02-12-2012
135,54:53.0,1909,1909,49.99,03-12-2012
136,16:21.0,1905,1905,49.99,03-12-2012
137,45:33.0,1961,1961,49.99,03-12-2012
138,54:59.0,1918,1918,49.99,04-12-2012
139,16:20.0,1776,1776,49.99,04-12-2012
140,07:30.0,2028,2028,49.99,04-12-2012
141,29:12.0,1797,1797,49.99,05-12-2012
142,58:49.0,1915,1915,49.99,05-12-2012
143,25:47.0,1818,1818,49.99,05-12-2012
144,11:14.0,1947,1947,49.99,06-12-2012
145,35:07.0,1745,1745,49.99,08-12-2012
146,30:55.0,2050,2050,49.99,09-12-2012
147,41:38.0,2184,2184,49.99,11-12-2012
148,40:37.0,2098,2098,49.99,12-12-2012
149,49:37.0,2045,2045,49.99,13-12-2012
150,56:23.0,2241,2241,49.99,13-12-2012
151,26:51.0,2057,2057,49.99,14-12-2012
152,53:06.0,2165,2165,49.99,15-12-2012
153,15:51.0,2147,2147,49.99,15-12-2012
154,03:13.0,2341,2341,49.99,18-12-2012
155,33:26.0,2172,2172,49.99,18-12-2012
156,32:34.0,2244,2244,49.99,18-12-2012
157,27:35.0,2202,2202,49.99,19-12-2012
158,37:58.0,2365,2365,49.99,20-12-2012
159,38:22.0,2377,2377,49.99,21-12-2012
160,03:24.0,2415,2415,49.99,22-12-2012
161,55:13.0,2337,2337,49.99,23-12-2012
162,35:44.0,2249,2249,49.99,24-12-2012
163,24:38.0,2444,2444,49.99,26-12-2012
164,36:29.0,2445,2445,49.99,26-12-2012
165,48:11.0,2323,2323,49.99,26-12-2012
166,09:17.0,2398,2398,49.99,27-12-2012
167,07:54.0,2479,2479,49.99,28-12-2012
168,05:00.0,2446,2446,49.99,31-12-2012
169,19:36.0,2431,2431,49.99,31-12-2012
170,30:14.0,2426,2426,49.99,01-01-2013
171,06:45.0,2498,2498,49.99,04-01-2013
172,38:50.0,2489,2489,49.99,04-01-2013
173,00:37.0,2504,2504,49.99,05-01-2013
174,50:15.0,2492,2492,49.99,06-01-2013
175,42:52.0,2495,2495,49.99,06-01-2013
176,10:03.0,2549,2549,49.99,07-01-2013
177,47:46.0,2525,2525,49.99,07-01-2013
178,13:54.0,2619,2619,49.99,09-01-2013
179,07:54.0,2576,2576,49.99,10-01-2013
180,10:13.0,2711,2711,49.99,12-01-2013
181,24:45.0,2715,2715,49.99,15-01-2013
182,09:56.0,2621,2621,49.99,15-01-2013
183,44:14.0,2752,2752,49.99,17-01-2013
184,44:28.0,2660,2660,49.99,17-01-2013
185,51:37.0,2790,2790,49.99,19-01-2013
186,47:12.0,2755,2755,49.99,24-01-2013
187,11:13.0,2777,2777,49.99,27-01-2013
188,20:14.0,2789,2789,49.99,27-01-2013
189,17:35.0,2805,2805,49.99,28-01-2013
190,53:06.0,2846,2846,59.99,29-01-2013
191,47:16.0,2961,2961,49.99,01-02-2013
192,10:04.0,2833,2833,49.99,01-02-2013
193,05:43.0,2911,2911,49.99,02-02-2013
194,08:05.0,2978,2978,49.99,03-02-2013
195,47:17.0,2998,2998,59.99,06-02-2013
196,42:43.0,2906,2906,49.99,07-02-2013
197,48:37.0,2913,2913,49.99,07-02-2013
198,31:08.0,2958,2958,49.99,10-02-2013
199,01:58.0,3079,3079,49.99,12-02-2013
200,30:22.0,3014,3014,49.99,12-02-2013
201,57:44.0,3019,3019,49.99,12-02-2013
202,20:25.0,2999,2999,49.99,13-02-2013
203,34:01.0,3073,3073,49.99,14-02-2013
204,32:09.0,3048,3048,49.99,20-02-2013
205,50:45.0,3067,3067,49.99,20-02-2013
206,06:12.0,3284,3284,59.99,20-02-2013
207,03:31.0,3109,3109,49.99,22-02-2013
208,58:52.0,3297,3297,49.99,22-02-2013
209,19:54.0,3199,3199,49.99,26-02-2013
210,11:35.0,3118,3118,49.99,27-02-2013
211,03:31.0,3355,3355,49.99,27-02-2013
212,47:26.0,3178,3178,49.99,28-02-2013
213,34:35.0,3380,3380,49.99,28-02-2013
214,09:14.0,3306,3306,49.99,02-03-2013
215,13:15.0,3396,3396,49.99,02-03-2013
216,16:39.0,3313,3313,49.99,04-03-2013
217,49:45.0,3487,3487,49.99,05-03-2013
218,29:03.0,3373,3373,49.99,05-03-2013
219,12:30.0,3425,3425,49.99,05-03-2013
220,10:24.0,3400,3400,49.99,06-03-2013
221,46:28.0,3316,3316,49.99,06-03-2013
222,42:06.0,3452,3452,49.99,07-03-2013
223,47:00.0,3524,3524,49.99,08-03-2013
224,58:45.0,3517,3517,49.99,08-03-2013
225,23:47.0,3417,3417,49.99,10-03-2013
226,26:57.0,3499,3499,59.99,17-03-2013
227,16:03.0,3607,3607,49.99,19-03-2013
228,49:01.0,3573,3573,49.99,19-03-2013
229,28:22.0,3563,3563,59.99,20-03-2013
230,20:07.0,3585,3585,49.99,21-03-2013
231,12:35.0,3549,3549,49.99,22-03-2013
232,17:09.0,3633,3633,49.99,24-03-2013
233,39:53.0,3632,3632,49.99,26-03-2013
234,52:14.0,3806,3806,49.99,31-03-2013
235,23:05.0,3713,3713,49.99,02-04-2013
236,46:38.0,3769,3769,49.99,03-04-2013
237,41:53.0,3764,3764,49.99,04-04-2013
238,08:15.0,3807,3807,49.99,05-04-2013
239,10:41.0,3757,3757,49.99,06-04-2013
240,38:39.0,3814,3814,49.99,07-04-2013
241,42:14.0,3798,3798,59.99,08-04-2013
242,35:49.0,3856,3856,49.99,08-04-2013
243,56:35.0,3811,3811,49.99,10-04-2013
244,44:15.0,3953,3953,49.99,10-04-2013
245,36:08.0,3866,3866,49.99,12-04-2013
246,01:41.0,4033,4033,49.99,17-04-2013
247,45:43.0,3933,3933,49.99,17-04-2013
248,28:46.0,4114,4114,49.99,18-04-2013
249,21:21.0,4112,4112,49.99,19-04-2013
250,59:51.0,3989,3989,49.99,19-04-2013
251,52:26.0,4182,4182,49.99,20-04-2013
252,55:06.0,4045,4045,49.99,20-04-2013
253,19:04.0,4005,4005,49.99,20-04-2013
254,04:11.0,4001,4001,49.99,20-04-2013
255,43:18.0,4065,4065,49.99,21-04-2013
256,05:09.0,4037,4037,49.99,22-04-2013
257,58:36.0,3993,3993,49.99,23-04-2013
258,42:18.0,4222,4222,49.99,02-05-2013
259,55:59.0,4304,4304,59.99,03-05-2013
260,28:40.0,4396,4396,49.99,04-05-2013
261,05:01.0,4344,4344,49.99,04-05-2013
262,01:17.0,4257,4257,49.99,05-05-2013
263,38:13.0,4438,4438,49.99,07-05-2013
264,34:56.0,4420,4420,49.99,09-05-2013
265,35:19.0,4444,4444,49.99,10-05-2013
266,03:29.0,4507,4507,49.99,10-05-2013
267,13:48.0,4310,4310,49.99,11-05-2013
268,51:41.0,4494,4494,49.99,14-05-2013
269,04:53.0,4543,4543,49.99,15-05-2013
270,18:43.0,4590,4590,49.99,15-05-2013
271,19:17.0,4423,4423,49.99,16-05-2013
272,57:34.0,4696,4696,49.99,18-05-2013
273,00:46.0,4564,4564,49.99,18-05-2013
274,55:47.0,4610,4610,49.99,19-05-2013
275,13:46.0,4608,4608,49.99,19-05-2013
276,40:41.0,4576,4576,49.99,19-05-2013
277,06:03.0,4710,4710,49.99,20-05-2013
278,59:49.0,4611,4611,49.99,21-05-2013
279,00:59.0,4654,4654,49.99,23-05-2013
280,27:33.0,4620,4620,49.99,23-05-2013
281,35:50.0,4679,4679,59.99,26-05-2013
282,45:33.0,4793,4793,49.99,27-05-2013
283,46:08.0,4706,4706,49.99,27-05-2013
284,44:41.0,4726,4726,49.99,28-05-2013
285,43:47.0,4825,4825,49.99,28-05-2013
286,10:51.0,4680,4680,49.99,28-05-2013
287,40:58.0,4760,4760,59.99,29-05-2013
288,17:58.0,4758,4758,49.99,31-05-2013
289,06:28.0,4989,4989,49.99,03-06-2013
290,54:42.0,4915,4915,49.99,04-06-2013
291,12:08.0,4900,4900,49.99,04-06-2013
292,48:52.0,4807,4807,49.99,04-06-2013
293,18:55.0,4874,4874,49.99,07-06-2013
294,37:29.0,4879,4879,49.99,07-06-2013
295,55:16.0,5100,5100,49.99,08-06-2013
296,33:50.0,5095,5095,49.99,08-06-2013
297,43:51.0,5051,5051,49.99,09-06-2013
298,24:38.0,4993,4993,49.99,09-06-2013
299,42:50.0,4953,4953,49.99,09-06-2013
300,06:52.0,4907,4907,49.99,11-06-2013
301,12:17.0,5023,5023,49.99,11-06-2013
302,45:48.0,5134,5134,49.99,11-06-2013
303,18:21.0,4912,4912,49.99,13-06-2013
304,10:51.0,5007,5007,59.99,17-06-2013
305,57:22.0,5082,5082,49.99,18-06-2013
306,08:14.0,5257,5257,59.99,18-06-2013
307,43:45.0,5145,5145,49.99,18-06-2013
308,47:44.0,5128,5128,49.99,19-06-2013
309,16:20.0,5113,5113,49.99,19-06-2013
310,37:09.0,5168,5168,49.99,20-06-2013
311,04:51.0,5263,5263,59.99,20-06-2013
312,43:36.0,5124,5124,49.99,20-06-2013
313,48:07.0,5289,5289,59.99,21-06-2013
314,45:53.0,5108,5108,49.99,22-06-2013
315,44:05.0,5262,5262,49.99,24-06-2013
316,52:48.0,5333,5333,49.99,24-06-2013
317,27:32.0,5422,5422,49.99,27-06-2013
318,52:26.0,5284,5284,49.99,27-06-2013
319,13:03.0,5346,5346,49.99,27-06-2013
320,50:46.0,5261,5261,49.99,27-06-2013
321,53:36.0,5386,5386,49.99,28-06-2013
322,54:35.0,5239,5239,59.99,28-06-2013
323,30:09.0,5387,5387,49.99,01-07-2013
324,03:02.0,5531,5531,49.99,01-07-2013
325,39:51.0,5523,5523,49.99,01-07-2013
326,22:22.0,5518,5518,49.99,02-07-2013
327,54:35.0,5412,5412,49.99,03-07-2013
328,20:48.0,5565,5565,49.99,03-07-2013
329,41:28.0,5323,5323,49.99,03-07-2013
330,47:22.0,5390,5390,49.99,03-07-2013
331,05:11.0,5462,5462,49.99,03-07-2013
332,35:37.0,5408,5408,49.99,04-07-2013
333,53:10.0,5430,5430,49.99,05-07-2013
334,00:18.0,5474,5474,49.99,06-07-2013
335,47:17.0,5496,5496,49.99,07-07-2013
336,52:59.0,5569,5569,49.99,07-07-2013
337,19:04.0,5405,5405,49.99,07-07-2013
338,20:14.0,5586,5586,49.99,07-07-2013
339,47:14.0,5574,5574,49.99,08-07-2013
340,37:13.0,5616,5616,49.99,08-07-2013
341,00:26.0,5451,5451,49.99,09-07-2013
342,03:54.0,5635,5635,49.99,09-07-2013
343,00:23.0,5631,5631,49.99,11-07-2013
344,40:05.0,5663,5663,49.99,11-07-2013
345,03:01.0,5700,5700,49.99,12-07-2013
346,00:18.0,5712,5712,49.99,12-07-2013
347,03:42.0,5607,5607,49.99,13-07-2013
348,59:52.0,5576,5576,49.99,14-07-2013
349,17:21.0,5683,5683,49.99,14-07-2013
350,22:51.0,5746,5746,49.99,15-07-2013
351,11:22.0,5578,5578,49.99,16-07-2013
352,37:28.0,5843,5843,49.99,18-07-2013
353,03:30.0,5650,5650,49.99,21-07-2013
354,53:45.0,5696,5696,49.99,22-07-2013
355,38:00.0,5750,5750,59.99,22-07-2013
356,36:14.0,5906,5906,49.99,22-07-2013
357,18:57.0,5847,5847,59.99,23-07-2013
358,25:06.0,5863,5863,49.99,25-07-2013
359,16:05.0,5802,5802,49.99,25-07-2013
360,44:57.0,5855,5855,49.99,25-07-2013
361,06:30.0,5799,5799,49.99,26-07-2013
362,08:09.0,6031,6031,49.99,27-07-2013
363,29:03.0,5914,5914,49.99,27-07-2013
364,35:52.0,5865,5865,49.99,28-07-2013
365,16:47.0,5938,5938,49.99,29-07-2013
366,14:12.0,5946,5946,49.99,29-07-2013
367,11:21.0,6074,6074,49.99,31-07-2013
368,54:53.0,6047,6047,49.99,01-08-2013
369,28:00.0,6158,6158,49.99,02-08-2013
370,29:38.0,6054,6054,49.99,05-08-2013
371,30:01.0,5933,5933,49.99,05-08-2013
372,56:00.0,5993,5993,59.99,06-08-2013
373,05:29.0,6052,6052,49.99,06-08-2013
374,10:48.0,6139,6139,49.99,07-08-2013
375,43:55.0,6195,6195,49.99,07-08-2013
376,48:18.0,6075,6075,49.99,07-08-2013
377,45:45.0,6059,6059,49.99,08-08-2013
378,48:27.0,6008,6008,49.99,08-08-2013
379,05:49.0,6269,6269,49.99,09-08-2013
380,01:49.0,6110,6110,49.99,09-08-2013
381,49:18.0,6226,6226,49.99,11-08-2013
382,31:12.0,6247,6247,49.99,11-08-2013
383,23:39.0,6251,6251,49.99,12-08-2013
384,22:24.0,6324,6324,49.99,13-08-2013
385,29:10.0,6103,6103,49.99,13-08-2013
386,55:50.0,6173,6173,49.99,14-08-2013
387,07:02.0,6215,6215,49.99,16-08-2013
388,59:12.0,6244,6244,49.99,17-08-2013
389,43:24.0,6395,6395,59.99,18-08-2013
390,45:32.0,6387,6387,49.99,19-08-2013
391,11:14.0,6259,6259,49.99,19-08-2013
392,30:02.0,6273,6273,49.99,19-08-2013
393,05:36.0,6421,6421,49.99,19-08-2013
394,34:58.0,6302,6302,49.99,20-08-2013
395,30:59.0,6355,6355,49.99,23-08-2013
396,08:02.0,6432,6432,49.99,23-08-2013
397,35:51.0,6528,6528,49.99,25-08-2013
398,27:06.0,6465,6465,49.99,25-08-2013
399,26:33.0,6461,6461,49.99,26-08-2013
400,05:51.0,6634,6634,49.99,27-08-2013
401,21:52.0,6451,6451,49.99,29-08-2013
402,26:24.0,6526,6526,49.99,29-08-2013
403,47:41.0,6504,6504,49.99,01-09-2013
404,26:40.0,6589,6589,49.99,02-09-2013
405,29:38.0,6627,6627,49.99,03-09-2013
406,56:46.0,6758,6758,49.99,07-09-2013
407,13:39.0,6721,6721,49.99,08-09-2013
408,36:17.0,6805,6805,49.99,10-09-2013
409,49:15.0,6743,6743,49.99,11-09-2013
410,05:44.0,6882,6882,49.99,11-09-2013
411,42:44.0,6899,6899,49.99,12-09-2013
412,33:40.0,6943,6943,49.99,13-09-2013
413,52:27.0,6750,6750,49.99,14-09-2013
414,39:05.0,6940,6940,49.99,16-09-2013
415,24:02.0,6825,6825,49.99,16-09-2013
416,28:33.0,6865,6865,49.99,17-09-2013
417,47:53.0,7009,7009,49.99,17-09-2013
418,29:48.0,6991,6991,49.99,18-09-2013
419,39:21.0,7035,7035,49.99,19-09-2013
420,30:00.0,6947,6947,49.99,20-09-2013
421,18:54.0,6952,6952,49.99,21-09-2013
422,10:26.0,6981,6981,49.99,22-09-2013
423,03:26.0,6999,6999,49.99,23-09-2013
424,22:44.0,7154,7154,49.99,25-09-2013
425,43:33.0,7250,7250,49.99,26-09-2013
426,36:47.0,7077,7077,49.99,30-09-2013
427,32:38.0,7230,7230,49.99,02-10-2013
428,43:28.0,7354,7351,59.99,02-10-2013
429,30:49.0,7164,7164,49.99,04-10-2013
430,06:47.0,7192,7192,49.99,04-10-2013
431,31:09.0,7480,7473,49.99,06-10-2013
432,07:18.0,7512,7503,49.99,06-10-2013
433,37:59.0,7259,7259,49.99,07-10-2013
434,41:55.0,7323,7320,49.99,08-10-2013
435,13:03.0,7308,7306,49.99,09-10-2013
436,30:26.0,7533,7522,49.99,11-10-2013
437,30:49.0,7582,7567,59.99,14-10-2013
438,17:55.0,7502,7493,49.99,15-10-2013
439,41:39.0,7741,7718,49.99,19-10-2013
440,51:00.0,7736,7713,49.99,21-10-2013
441,03:52.0,7636,7616,49.99,22-10-2013
442,51:12.0,7889,7863,49.99,23-10-2013
443,28:08.0,7598,7582,49.99,24-10-2013
444,25:27.0,7667,7647,49.99,26-10-2013
445,54:43.0,8014,7984,49.99,28-10-2013
446,52:37.0,7847,7821,49.99,01-11-2013
447,19:22.0,7877,7851,59.99,01-11-2013
448,20:43.0,7945,7916,49.99,02-11-2013
449,47:48.0,8101,8069,49.99,03-11-2013
450,01:03.0,8164,8128,49.99,05-11-2013
451,24:04.0,8041,8011,49.99,06-11-2013
452,48:28.0,7939,7910,49.99,07-11-2013
453,57:27.0,8049,8019,49.99,07-11-2013
454,31:23.0,8270,8232,49.99,13-11-2013
455,25:42.0,8287,8248,49.99,15-11-2013
456,14:27.0,8530,8481,49.99,22-11-2013
457,33:32.0,8521,8472,49.99,22-11-2013
458,50:09.0,8578,8527,49.99,24-11-2013
459,12:45.0,8359,8319,59.99,25-11-2013
460,05:47.0,8657,8604,49.99,25-11-2013
461,35:46.0,8637,8586,49.99,27-11-2013
462,59:37.0,8602,8551,49.99,27-11-2013
463,44:23.0,8703,8647,59.99,28-11-2013
464,03:06.0,8783,8722,49.99,01-12-2013
465,57:55.0,8732,8674,49.99,01-12-2013
466,41:59.0,8729,8671,49.99,02-12-2013
467,30:10.0,9052,8979,49.99,03-12-2013
468,51:20.0,8737,8678,49.99,03-12-2013
469,42:53.0,8911,8843,49.99,04-12-2013
470,22:26.0,8675,8622,59.99,05-12-2013
471,16:18.0,9086,9010,49.99,06-12-2013
472,38:55.0,8856,8789,49.99,07-12-2013
473,04:48.0,8836,8770,49.99,07-12-2013
474,14:09.0,8935,8867,49.99,08-12-2013
475,28:06.0,8967,8896,59.99,08-12-2013
476,11:48.0,8957,8887,49.99,09-12-2013
477,44:03.0,8929,8861,49.99,10-12-2013
478,08:49.0,8978,8906,49.99,10-12-2013
479,51:57.0,8997,8925,49.99,10-12-2013
480,42:50.0,9069,8996,49.99,10-12-2013
481,20:46.0,9181,9103,59.99,11-12-2013
482,27:19.0,8992,8920,49.99,11-12-2013
483,14:50.0,9378,9297,49.99,12-12-2013
484,50:18.0,8915,8847,49.99,13-12-2013
485,03:23.0,9386,9304,59.99,13-12-2013
486,53:02.0,9344,9264,49.99,14-12-2013
487,33:14.0,8849,8782,49.99,14-12-2013
488,50:31.0,9407,9324,59.99,16-12-2013
489,51:50.0,9359,9278,49.99,16-12-2013
490,11:26.0,9550,9456,45.99,17-12-2013
491,11:56.0,9324,9244,49.99,18-12-2013
492,50:31.0,9406,9324,49.99,19-12-2013
493,33:45.0,9443,9356,49.99,20-12-2013
494,33:17.0,9753,9637,45.99,22-12-2013
495,59:19.0,9705,9593,49.99,22-12-2013
496,35:50.0,9831,9708,49.99,23-12-2013
497,06:54.0,9632,9530,49.99,23-12-2013
498,07:39.0,9717,9604,49.99,23-12-2013
499,26:39.0,9413,9330,49.99,24-12-2013
500,12:21.0,9662,9557,49.99,26-12-2013
501,23:16.0,9668,9562,49.99,27-12-2013
502,07:36.0,9844,9720,45.99,27-12-2013
503,01:18.0,9508,9417,45.99,27-12-2013
504,25:38.0,9752,9636,49.99,28-12-2013
505,25:32.0,9658,9553,45.99,29-12-2013
506,01:17.0,9886,9759,45.99,30-12-2013
507,12:03.0,9821,9700,49.99,31-12-2013
508,38:14.0,9611,9512,49.99,31-12-2013
509,42:51.0,9971,9838,59.99,03-01-2014
510,46:25.0,10104,9949,45.99,03-01-2014
511,43:13.0,10075,9925,45.99,05-01-2014
512,13:14.0,10047,9903,45.99,06-01-2014
513,30:53.0,10274,10098,49.99,06-01-2014
514,19:10.0,9891,9763,45.99,07-01-2014
515,18:01.0,10068,9919,49.99,07-01-2014
516,28:31.0,10285,10109,49.99,08-01-2014
517,13:21.0,10207,10041,45.99,09-01-2014
518,15:45.0,10321,10143,59.99,12-01-2014
519,19:27.0,10509,10309,45.99,14-01-2014
520,40:53.0,10430,10241,59.99,14-01-2014
521,06:48.0,10330,10151,45.99,15-01-2014
522,14:22.0,10604,10395,45.99,16-01-2014
523,59:14.0,10540,10335,45.99,17-01-2014
524,59:35.0,10301,10124,49.99,17-01-2014
525,53:48.0,10334,10155,49.99,17-01-2014
526,22:15.0,10699,10478,45.99,19-01-2014
527,39:07.0,10577,10371,49.99,20-01-2014
528,13:53.0,10373,10191,49.99,20-01-2014
529,43:13.0,10503,10304,49.99,21-01-2014
530,37:42.0,10707,10486,49.99,21-01-2014
531,04:47.0,10771,10540,49.99,22-01-2014
532,47:11.0,10385,10202,45.99,22-01-2014
533,10:13.0,10671,10454,49.99,23-01-2014
534,59:12.0,10669,10453,49.99,23-01-2014
535,11:43.0,10820,10582,45.99,25-01-2014
536,50:22.0,10513,10312,49.99,25-01-2014
537,08:12.0,10690,10470,59.99,27-01-2014
538,57:24.0,10977,10719,49.99,28-01-2014
539,22:23.0,10673,10456,49.99,28-01-2014
540,50:24.0,10854,10610,45.99,28-01-2014
541,24:39.0,10653,10439,49.99,29-01-2014
542,06:18.0,10624,10413,49.99,30-01-2014
543,46:03.0,10618,10408,59.99,30-01-2014
544,37:12.0,10859,10615,49.99,31-01-2014
545,08:27.0,10792,10558,49.99,01-02-2014
546,22:00.0,10721,10497,49.99,01-02-2014
547,25:06.0,10949,10693,49.99,02-02-2014
548,38:23.0,10786,10553,49.99,02-02-2014
549,30:50.0,10746,10519,49.99,02-02-2014
550,05:09.0,10934,10678,45.99,02-02-2014
551,01:59.0,10851,10607,49.99,03-02-2014
552,36:33.0,10994,10736,49.99,04-02-2014
553,19:05.0,10965,10707,49.99,05-02-2014
554,56:12.0,11162,10885,49.99,05-02-2014
555,23:28.0,11368,11062,49.99,05-02-2014
556,08:28.0,11313,11018,49.99,06-02-2014
557,15:01.0,11030,10769,49.99,06-02-2014
558,50:09.0,11110,10839,45.99,07-02-2014
559,50:49.0,11418,11106,49.99,08-02-2014
560,42:05.0,11153,10877,49.99,09-02-2014
561,23:27.0,11155,10878,49.99,09-02-2014
562,01:23.0,11554,11208,45.99,09-02-2014
563,50:25.0,11525,11188,49.99,10-02-2014
564,35:46.0,11455,11139,49.99,10-02-2014
565,08:43.0,11199,10917,45.99,10-02-2014
566,13:35.0,11272,10983,49.99,11-02-2014
567,32:14.0,11144,10869,45.99,12-02-2014
568,28:45.0,11393,11084,45.99,12-02-2014
569,29:42.0,11184,10904,49.99,14-02-2014
570,10:25.0,11482,11157,45.99,14-02-2014
571,38:13.0,11439,11124,49.99,14-02-2014
572,13:20.0,11758,11367,59.99,14-02-2014
573,59:23.0,11788,11390,45.99,14-02-2014
574,12:54.0,11550,11206,45.99,15-02-2014
575,54:10.0,11600,11244,49.99,15-02-2014
576,42:45.0,11493,11165,29.99,17-02-2014
577,53:19.0,11557,11211,49.99,18-02-2014
578,42:45.0,11944,11511,45.99,20-02-2014
579,50:13.0,12144,11658,49.99,22-02-2014
580,45:29.0,12068,11603,49.99,22-02-2014
581,02:12.0,11629,11265,59.99,23-02-2014
582,11:02.0,12174,11680,49.99,23-02-2014
583,08:03.0,12330,11787,45.99,24-02-2014
584,18:13.0,11825,11419,59.99,24-02-2014
585,55:31.0,11955,11522,59.99,24-02-2014
586,36:40.0,11778,11382,59.99,25-02-2014
587,26:09.0,12044,11588,49.99,26-02-2014
588,13:39.0,12097,11626,49.99,26-02-2014
589,19:09.0,12320,11780,45.99,26-02-2014
590,25:50.0,12444,11877,49.99,27-02-2014
591,34:45.0,12175,11681,45.99,27-02-2014
592,31:09.0,12373,11822,49.99,28-02-2014
593,22:50.0,12438,11873,45.99,28-02-2014
594,59:50.0,11974,11535,59.99,01-03-2014
595,21:04.0,12122,11643,45.99,01-03-2014
596,14:03.0,12430,11866,29.99,01-03-2014
597,18:21.0,12035,11582,49.99,02-03-2014
598,08:24.0,12359,11811,45.99,02-03-2014
599,33:35.0,12406,11848,49.99,02-03-2014
600,49:12.0,12135,11652,49.99,03-03-2014
601,59:19.0,12287,11760,45.99,04-03-2014
602,49:54.0,12608,11999,49.99,05-03-2014
603,37:01.0,12744,12101,49.99,08-03-2014
604,13:49.0,12737,12095,49.99,08-03-2014
605,12:32.0,12761,12115,45.99,09-03-2014
606,52:47.0,12403,11845,49.99,09-03-2014
607,25:17.0,12544,11951,49.99,09-03-2014
608,40:05.0,12531,11941,49.99,11-03-2014
609,24:53.0,12591,11987,49.99,13-03-2014
610,26:11.0,12738,12096,49.99,13-03-2014
611,28:06.0,12560,11964,45.99,14-03-2014
612,16:38.0,13175,12436,49.99,15-03-2014
613,09:23.0,12869,12198,49.99,15-03-2014
614,27:47.0,12724,12085,49.99,16-03-2014
615,24:21.0,12844,12179,59.99,16-03-2014
616,34:45.0,13224,12470,49.99,17-03-2014
617,20:59.0,13251,12491,45.99,18-03-2014
618,58:10.0,12902,12225,45.99,18-03-2014
619,06:22.0,13003,12295,49.99,19-03-2014
620,50:10.0,12970,12273,45.99,20-03-2014
621,40:28.0,13150,12414,49.99,20-03-2014
622,37:19.0,13405,12601,49.99,21-03-2014
623,17:45.0,13530,12694,45.99,22-03-2014
624,10:19.0,12960,12267,45.99,23-03-2014
625,27:33.0,13165,12428,49.99,23-03-2014
626,46:08.0,13651,12783,49.99,24-03-2014
627,15:46.0,13259,12497,45.99,24-03-2014
628,33:06.0,13108,12377,49.99,25-03-2014
629,40:12.0,13230,12474,29.99,25-03-2014
630,11:53.0,13669,12798,49.99,26-03-2014
631,52:51.0,13542,12704,49.99,26-03-2014
632,46:45.0,13508,12677,45.99,26-03-2014
633,38:52.0,13343,12553,59.99,27-03-2014
634,16:37.0,13606,12749,45.99,28-03-2014
635,21:44.0,13438,12626,45.99,28-03-2014
636,07:30.0,13400,12596,49.99,28-03-2014
637,27:31.0,13817,12905,49.99,29-03-2014
638,35:06.0,13452,12637,49.99,30-03-2014
639,14:44.0,13903,12967,45.99,01-04-2014
640,44:28.0,13904,12968,45.99,02-04-2014
641,48:52.0,13458,12640,49.99,02-04-2014
642,25:42.0,13769,12868,45.99,02-04-2014
643,14:15.0,13855,12932,45.99,04-04-2014
644,48:41.0,13766,12866,49.99,04-04-2014
645,08:31.0,13956,13006,45.99,04-04-2014
646,11:16.0,13983,13028,45.99,04-04-2014
647,16:24.0,13962,13011,49.99,05-04-2014
648,00:31.0,13939,12994,49.99,05-04-2014
649,59:51.0,13798,12891,45.99,06-04-2014
650,50:43.0,14161,13162,49.99,07-04-2014
651,13:40.0,13934,12989,49.99,08-04-2014
652,50:41.0,14244,13227,49.99,09-04-2014
653,04:55.0,14320,13285,49.99,10-04-2014
654,27:22.0,14331,13293,49.99,10-04-2014
655,40:00.0,13883,12951,59.99,11-04-2014
656,27:56.0,14397,13339,45.99,11-04-2014
657,24:05.0,14216,13206,49.99,11-04-2014
658,30:50.0,13964,13012,49.99,12-04-2014
659,59:13.0,14429,13361,49.99,13-04-2014
660,48:15.0,14175,13172,49.99,13-04-2014
661,40:02.0,14377,13324,49.99,13-04-2014
662,44:01.0,14160,13161,49.99,16-04-2014
663,06:51.0,14610,13503,49.99,17-04-2014
664,58:58.0,14798,13640,49.99,18-04-2014
665,31:52.0,14407,13345,49.99,18-04-2014
666,35:27.0,14803,13644,49.99,19-04-2014
667,20:46.0,14466,13389,49.99,19-04-2014
668,23:39.0,14432,13363,49.99,19-04-2014
669,19:32.0,14721,13586,45.99,20-04-2014
670,12:34.0,14444,13372,49.99,20-04-2014
671,16:26.0,14985,13785,49.99,20-04-2014
672,44:39.0,14591,13489,45.99,21-04-2014
673,36:33.0,14427,13360,49.99,21-04-2014
674,09:14.0,14920,13737,45.99,21-04-2014
675,02:24.0,14975,13778,49.99,22-04-2014
676,08:08.0,15005,13798,49.99,22-04-2014
677,39:29.0,14785,13630,45.99,22-04-2014
678,12:27.0,14832,13667,45.99,23-04-2014
679,49:46.0,14766,13618,45.99,24-04-2014
680,28:50.0,15133,13889,59.99,24-04-2014
681,20:45.0,14554,13458,49.99,24-04-2014
682,19:08.0,15207,13946,45.99,25-04-2014
683,14:11.0,14628,13516,45.99,25-04-2014
684,29:30.0,14838,13672,49.99,25-04-2014
685,10:39.0,15115,13875,49.99,26-04-2014
686,43:00.0,14855,13687,49.99,27-04-2014
687,17:42.0,15256,13986,45.99,27-04-2014
688,23:27.0,14851,13683,49.99,27-04-2014
689,56:09.0,14742,13602,49.99,28-04-2014
690,42:44.0,15353,14054,49.99,29-04-2014
691,55:36.0,14996,13792,59.99,29-04-2014
692,32:30.0,15391,14081,45.99,29-04-2014
693,04:35.0,14771,13622,49.99,30-04-2014
694,31:26.0,15140,13894,45.99,01-05-2014
695,03:35.0,15188,13930,49.99,01-05-2014
696,55:29.0,14946,13756,45.99,02-05-2014
697,09:53.0,15108,13871,49.99,03-05-2014
698,02:07.0,15811,14392,49.99,04-05-2014
699,32:54.0,15518,14172,29.99,04-05-2014
700,54:25.0,15255,13985,59.99,04-05-2014
701,44:02.0,15848,14419,45.99,05-05-2014
702,42:18.0,15266,13994,29.99,05-05-2014
703,02:19.0,15399,14086,49.99,06-05-2014
704,07:19.0,15377,14070,45.99,07-05-2014
705,43:27.0,15926,14476,45.99,07-05-2014
706,13:51.0,15482,14146,29.99,08-05-2014
707,54:17.0,15571,14213,45.99,08-05-2014
708,36:12.0,15703,14314,45.99,09-05-2014
709,29:56.0,15508,14165,45.99,09-05-2014
710,10:13.0,15709,14317,59.99,09-05-2014
711,22:34.0,15833,14408,45.99,09-05-2014
712,34:03.0,15630,14260,45.99,10-05-2014
713,46:15.0,16082,14585,29.99,10-05-2014
714,55:29.0,15462,14131,29.99,11-05-2014
715,25:00.0,15924,14475,49.99,12-05-2014
716,24:31.0,15593,14230,49.99,13-05-2014
717,57:18.0,16030,14547,45.99,13-05-2014
718,01:45.0,16020,14542,49.99,13-05-2014
719,20:59.0,15824,14401,45.99,13-05-2014
720,17:42.0,15853,14423,45.99,14-05-2014
721,39:58.0,16235,14697,45.99,15-05-2014
722,06:02.0,15843,14416,45.99,16-05-2014
723,41:16.0,16056,14566,49.99,17-05-2014
724,23:16.0,16173,14653,45.99,17-05-2014
725,29:27.0,16633,14989,49.99,18-05-2014
726,24:14.0,16418,14830,49.99,19-05-2014
727,11:38.0,15974,14507,49.99,20-05-2014
728,49:15.0,16565,14936,49.99,20-05-2014
729,26:42.0,16416,14828,45.99,20-05-2014
730,49:10.0,16329,14766,45.99,20-05-2014
731,40:04.0,16304,14747,59.99,21-05-2014
732,59:58.0,16062,14570,49.99,22-05-2014
733,39:07.0,16414,14827,49.99,23-05-2014
734,34:56.0,16618,14975,49.99,23-05-2014
735,40:16.0,16257,14715,49.99,24-05-2014
736,37:29.0,16627,14984,49.99,24-05-2014
737,31:07.0,17110,15338,49.99,24-05-2014
738,35:51.0,16378,14801,49.99,26-05-2014
739,57:12.0,16851,15148,49.99,27-05-2014
740,36:16.0,16641,14993,45.99,28-05-2014
741,00:56.0,16690,15033,45.99,29-05-2014
742,11:19.0,16670,15016,49.99,29-05-2014
743,21:59.0,17234,15436,59.99,30-05-2014
744,25:31.0,17089,15323,45.99,31-05-2014
745,34:06.0,17214,15419,59.99,01-06-2014
746,47:16.0,17273,15465,45.99,01-06-2014
747,36:31.0,17132,15353,29.99,02-06-2014
748,10:57.0,17360,15523,49.99,02-06-2014
749,30:30.0,16879,15166,45.99,02-06-2014
750,15:48.0,16962,15229,49.99,03-06-2014
751,09:52.0,17620,15715,49.99,03-06-2014
752,50:06.0,16956,15224,49.99,03-06-2014
753,15:36.0,17510,15633,45.99,03-06-2014
754,41:32.0,17459,15596,49.99,04-06-2014
755,04:33.0,17173,15388,49.99,04-06-2014
756,52:32.0,17265,15458,59.99,05-06-2014
757,59:18.0,17642,15732,49.99,06-06-2014
758,51:13.0,17482,15613,49.99,06-06-2014
759,20:58.0,17750,15810,59.99,07-06-2014
760,58:59.0,17601,15702,49.99,08-06-2014
761,39:54.0,17881,15908,49.99,08-06-2014
762,25:57.0,17857,15890,49.99,09-06-2014
763,51:17.0,17385,15539,49.99,09-06-2014
764,00:27.0,17209,15415,49.99,09-06-2014
765,47:39.0,17419,15565,49.99,09-06-2014
766,33:58.0,17938,15946,49.99,10-06-2014
767,34:50.0,17403,15555,49.99,10-06-2014
768,55:19.0,17354,15519,49.99,10-06-2014
769,38:15.0,17829,15870,49.99,10-06-2014
770,40:25.0,17751,15811,49.99,11-06-2014
771,32:33.0,17619,15714,45.99,12-06-2014
772,43:32.0,18032,16015,45.99,12-06-2014
773,00:13.0,17554,15668,49.99,13-06-2014
774,15:31.0,18080,16053,49.99,13-06-2014
775,51:09.0,17845,15879,49.99,14-06-2014
776,16:30.0,17672,15752,59.99,14-06-2014
777,36:14.0,18019,16005,49.99,14-06-2014
778,19:46.0,18320,16227,29.99,16-06-2014
779,30:33.0,18110,16073,29.99,16-06-2014
780,06:36.0,17848,15882,49.99,16-06-2014
781,08:00.0,18271,16192,49.99,17-06-2014
782,52:13.0,18288,16204,49.99,17-06-2014
783,57:03.0,17755,15814,45.99,17-06-2014
784,58:33.0,18146,16101,49.99,18-06-2014
785,26:05.0,18415,16302,49.99,18-06-2014
786,05:22.0,17856,15889,49.99,18-06-2014
787,20:38.0,18070,16045,29.99,19-06-2014
788,33:56.0,18375,16274,49.99,19-06-2014
789,09:00.0,18327,16233,49.99,19-06-2014
790,08:43.0,18053,16033,49.99,19-06-2014
791,10:41.0,18573,16422,49.99,20-06-2014
792,52:23.0,17828,15869,45.99,20-06-2014
793,18:21.0,18419,16305,49.99,20-06-2014
794,52:06.0,18301,16215,49.99,21-06-2014
795,18:52.0,18389,16284,29.99,21-06-2014
796,11:36.0,18049,16029,45.99,22-06-2014
797,41:47.0,18100,16067,49.99,22-06-2014
798,53:41.0,18698,16514,49.99,22-06-2014
799,15:43.0,18267,16189,49.99,23-06-2014
800,51:10.0,18609,16445,45.99,23-06-2014
801,37:59.0,18090,16060,59.99,23-06-2014
802,14:37.0,18312,16223,49.99,24-06-2014
803,12:34.0,18072,16047,49.99,24-06-2014
804,51:51.0,18686,16503,49.99,25-06-2014
805,20:36.0,18847,16628,45.99,25-06-2014
806,13:14.0,18226,16160,45.99,27-06-2014
807,57:15.0,18599,16438,59.99,27-06-2014
808,36:56.0,18713,16526,59.99,28-06-2014
809,03:00.0,18804,16596,45.99,29-06-2014
810,50:34.0,18542,16398,49.99,29-06-2014
811,40:30.0,19138,16836,45.99,29-06-2014
812,33:18.0,18720,16531,49.99,30-06-2014
813,02:24.0,18602,16440,59.99,30-06-2014
814,38:33.0,19100,16814,49.99,01-07-2014
815,06:36.0,18532,16392,49.99,01-07-2014
816,18:18.0,18903,16671,45.99,01-07-2014
817,28:18.0,18658,16481,49.99,02-07-2014
818,44:35.0,18786,16582,45.99,02-07-2014
819,22:01.0,18578,16425,49.99,02-07-2014
820,55:22.0,18954,16704,49.99,02-07-2014
821,13:02.0,19097,16811,59.99,04-07-2014
822,57:54.0,19235,16908,49.99,04-07-2014
823,55:28.0,19318,16971,49.99,04-07-2014
824,49:14.0,19052,16781,49.99,04-07-2014
825,55:26.0,19213,16890,29.99,04-07-2014
826,06:59.0,19268,16936,45.99,05-07-2014
827,14:47.0,18719,16530,49.99,06-07-2014
828,38:13.0,19335,16984,49.99,06-07-2014
829,18:40.0,19076,16796,29.99,06-07-2014
830,49:16.0,18777,16577,49.99,06-07-2014
831,22:30.0,18849,16630,49.99,06-07-2014
832,10:37.0,18826,16613,59.99,06-07-2014
833,12:38.0,18922,16684,45.99,06-07-2014
834,52:53.0,18889,16660,49.99,06-07-2014
835,46:59.0,19025,16761,49.99,07-07-2014
836,56:03.0,19336,16985,49.99,07-07-2014
837,06:50.0,19220,16896,49.99,07-07-2014
838,51:20.0,19216,16893,49.99,07-07-2014
839,44:50.0,18994,16738,45.99,08-07-2014
840,44:31.0,19103,16816,49.99,09-07-2014
841,34:38.0,19529,17127,29.99,09-07-2014
842,34:30.0,19206,16885,45.99,09-07-2014
843,01:05.0,19029,16764,49.99,10-07-2014
844,48:03.0,19232,16905,59.99,11-07-2014
845,34:02.0,19606,17189,49.99,11-07-2014
846,36:47.0,19272,16939,49.99,11-07-2014
847,17:50.0,19433,17058,59.99,12-07-2014
848,42:04.0,19558,17150,49.99,12-07-2014
849,29:30.0,19251,16921,49.99,12-07-2014
850,13:47.0,19451,17070,45.99,12-07-2014
851,35:29.0,19174,16862,49.99,13-07-2014
852,28:02.0,19140,16838,49.99,13-07-2014
853,41:58.0,19342,16990,49.99,14-07-2014
854,09:33.0,19281,16944,49.99,14-07-2014
855,37:07.0,19728,17280,49.99,14-07-2014
856,51:35.0,19822,17349,49.99,14-07-2014
857,26:36.0,19332,16981,45.99,15-07-2014
858,20:20.0,19858,17375,49.99,16-07-2014
859,44:47.0,19347,16994,59.99,16-07-2014
860,28:26.0,20036,17508,49.99,17-07-2014
861,25:48.0,19981,17467,49.99,17-07-2014
862,05:59.0,19866,17381,29.99,18-07-2014
863,34:52.0,20132,17575,49.99,18-07-2014
864,33:11.0,19831,17355,59.99,19-07-2014
865,34:02.0,20189,17614,49.99,19-07-2014
866,00:07.0,19942,17437,49.99,19-07-2014
867,57:41.0,19684,17246,45.99,21-07-2014
868,47:48.0,19635,17211,49.99,21-07-2014
869,16:09.0,20129,17573,49.99,21-07-2014
870,58:14.0,19671,17236,59.99,22-07-2014
871,12:57.0,20022,17498,59.99,23-07-2014
872,48:10.0,19811,17340,49.99,23-07-2014
873,04:13.0,20160,17596,45.99,23-07-2014
874,48:53.0,20210,17630,49.99,23-07-2014
875,07:03.0,20371,17755,45.99,23-07-2014
876,20:55.0,20380,17761,49.99,24-07-2014
877,37:39.0,20339,17730,49.99,24-07-2014
878,48:03.0,19797,17330,59.99,24-07-2014
879,12:36.0,20262,17674,29.99,25-07-2014
880,25:34.0,19848,17368,49.99,25-07-2014
881,17:06.0,20355,17743,49.99,26-07-2014
882,01:23.0,19933,17430,49.99,26-07-2014
883,36:52.0,20171,17603,49.99,27-07-2014
884,37:01.0,19919,17418,49.99,28-07-2014
885,48:15.0,20070,17530,45.99,28-07-2014
886,37:20.0,20116,17564,49.99,28-07-2014
887,26:29.0,20288,17693,49.99,28-07-2014
888,41:55.0,20439,17805,49.99,29-07-2014
889,12:04.0,20092,17547,49.99,29-07-2014
890,26:45.0,20374,17757,49.99,29-07-2014
891,50:26.0,20620,17934,45.99,30-07-2014
892,10:49.0,20645,17954,49.99,01-08-2014
893,13:19.0,20342,17733,45.99,02-08-2014
894,45:47.0,20425,17796,59.99,02-08-2014
895,13:40.0,20506,17855,49.99,02-08-2014
896,01:43.0,20276,17685,59.99,02-08-2014
897,55:52.0,20740,18022,49.99,02-08-2014
898,08:20.0,20469,17829,59.99,03-08-2014
899,54:00.0,21063,18259,49.99,04-08-2014
900,17:30.0,20316,17714,45.99,04-08-2014
901,23:27.0,20779,18051,49.99,05-08-2014
902,16:12.0,20773,18046,45.99,06-08-2014
903,30:01.0,20398,17776,29.99,06-08-2014
904,16:28.0,20607,17926,49.99,06-08-2014
905,08:42.0,20621,17935,49.99,07-08-2014
906,42:37.0,21221,18376,45.99,08-08-2014
907,04:14.0,20990,18205,49.99,09-08-2014
908,04:08.0,20973,18192,49.99,10-08-2014
909,49:32.0,21303,18438,45.99,11-08-2014
910,50:48.0,20876,18124,49.99,11-08-2014
911,12:25.0,21205,18364,49.99,12-08-2014
912,31:59.0,21103,18287,49.99,12-08-2014
913,38:45.0,21014,18222,49.99,12-08-2014
914,49:43.0,21349,18472,45.99,12-08-2014
915,19:32.0,21306,18441,49.99,12-08-2014
916,05:57.0,21084,18274,59.99,14-08-2014
917,46:37.0,21143,18319,45.99,14-08-2014
918,17:24.0,21025,18230,49.99,14-08-2014
919,53:13.0,21011,18219,49.99,14-08-2014
920,04:23.0,20991,18206,45.99,14-08-2014
921,49:05.0,21254,18402,49.99,15-08-2014
922,53:05.0,21223,18377,49.99,15-08-2014
923,29:10.0,21507,18592,49.99,15-08-2014
924,52:30.0,21421,18529,45.99,16-08-2014
925,57:28.0,21744,18767,49.99,16-08-2014
926,01:29.0,21714,18743,49.99,17-08-2014
927,20:59.0,21345,18470,49.99,20-08-2014
928,09:45.0,21882,18871,49.99,20-08-2014
929,03:54.0,21356,18478,45.99,20-08-2014
930,33:59.0,21276,18419,49.99,21-08-2014
931,03:27.0,21319,18451,49.99,21-08-2014
932,34:30.0,21639,18690,49.99,22-08-2014
933,56:53.0,22216,19116,49.99,23-08-2014
934,47:42.0,22133,19054,49.99,23-08-2014
935,17:12.0,22129,19050,49.99,23-08-2014
936,59:57.0,21423,18530,45.99,23-08-2014
937,30:44.0,22155,19070,49.99,23-08-2014
938,59:26.0,21829,18830,45.99,23-08-2014
939,23:38.0,22107,19032,49.99,23-08-2014
940,13:24.0,22123,19046,49.99,24-08-2014
941,19:02.0,22215,19115,49.99,24-08-2014
942,00:16.0,21855,18849,45.99,24-08-2014
943,52:50.0,22166,19078,49.99,24-08-2014
944,04:51.0,22169,19081,49.99,24-08-2014
945,31:32.0,22208,19110,49.99,24-08-2014
946,13:15.0,22247,19138,49.99,24-08-2014
947,29:16.0,21939,18915,45.99,24-08-2014
948,22:47.0,22118,19042,59.99,24-08-2014
949,05:56.0,22142,19060,49.99,25-08-2014
950,26:32.0,22267,19154,45.99,25-08-2014
951,58:51.0,21841,18839,49.99,25-08-2014
952,10:20.0,22201,19105,45.99,25-08-2014
953,52:45.0,22177,19086,45.99,25-08-2014
954,31:25.0,22336,19206,49.99,25-08-2014
955,05:21.0,22316,19191,49.99,25-08-2014
956,21:22.0,22117,19041,45.99,26-08-2014
957,07:18.0,21592,18657,59.99,26-08-2014
958,20:37.0,21876,18866,49.99,27-08-2014
959,54:31.0,22375,19237,49.99,28-08-2014
960,11:28.0,21889,18877,49.99,29-08-2014
961,14:46.0,22481,19313,45.99,29-08-2014
962,49:59.0,22270,19157,49.99,29-08-2014
963,15:34.0,22312,19188,49.99,29-08-2014
964,57:56.0,21794,18805,45.99,29-08-2014
965,39:41.0,22505,19329,49.99,29-08-2014
966,00:03.0,22356,19222,49.99,29-08-2014
967,20:47.0,22068,19005,49.99,29-08-2014
968,56:30.0,22167,19079,49.99,29-08-2014
969,09:07.0,22357,19223,49.99,29-08-2014
970,08:19.0,21887,18876,49.99,30-08-2014
971,11:42.0,22545,19358,45.99,30-08-2014
972,42:40.0,22388,19247,49.99,30-08-2014
973,14:15.0,22397,19254,49.99,30-08-2014
974,26:48.0,22330,19202,49.99,30-08-2014
975,08:04.0,22361,19226,49.99,30-08-2014
976,53:28.0,22560,19369,49.99,31-08-2014
977,36:39.0,21988,18951,49.99,31-08-2014
978,47:28.0,22371,19234,49.99,31-08-2014
979,14:10.0,22462,19300,49.99,31-08-2014
980,51:05.0,22680,19456,49.99,31-08-2014
981,01:16.0,22199,19104,49.99,31-08-2014
982,08:33.0,22648,19433,49.99,31-08-2014
983,08:57.0,22180,19089,49.99,31-08-2014
984,50:15.0,22292,19174,49.99,31-08-2014
985,54:29.0,22621,19412,49.99,01-09-2014
986,40:49.0,22087,19018,49.99,01-09-2014
987,38:53.0,22148,19064,49.99,01-09-2014
988,16:54.0,22784,19531,49.99,02-09-2014
989,13:43.0,22610,19403,49.99,02-09-2014
990,57:06.0,22442,19285,49.99,02-09-2014
991,25:36.0,22219,19118,49.99,02-09-2014
992,36:22.0,22437,19282,49.99,03-09-2014
993,41:42.0,22268,19155,49.99,03-09-2014
994,16:05.0,22699,19470,49.99,03-09-2014
995,48:56.0,22506,19330,49.99,03-09-2014
996,57:27.0,22586,19386,49.99,03-09-2014
997,31:26.0,22671,19449,49.99,03-09-2014
998,05:12.0,22807,19547,49.99,03-09-2014
999,09:00.0,22805,19545,45.99,03-09-2014
1000,09:05.0,22644,19429,49.99,03-09-2014
1001,15:19.0,22766,19517,45.99,03-09-2014
1002,46:28.0,22823,19558,49.99,03-09-2014
1003,59:52.0,22359,19225,49.99,03-09-2014
1004,11:50.0,22690,19464,29.99,03-09-2014
1005,17:44.0,22526,19345,49.99,03-09-2014
1006,42:09.0,22276,19161,49.99,04-09-2014
1007,36:44.0,22343,19211,49.99,04-09-2014
1008,07:47.0,22637,19423,49.99,04-09-2014
1009,10:37.0,22468,19304,49.99,04-09-2014
1010,51:37.0,22259,19147,49.99,04-09-2014
1011,23:41.0,22287,19169,49.99,04-09-2014
1012,52:39.0,22279,19163,49.99,04-09-2014
1013,22:40.0,22244,19136,49.99,04-09-2014
1014,43:02.0,22646,19431,49.99,04-09-2014
1015,50:56.0,22382,19242,49.99,05-09-2014
1016,12:30.0,22530,19348,49.99,05-09-2014
1017,29:37.0,22341,19210,49.99,05-09-2014
1018,37:38.0,22550,19362,49.99,05-09-2014
1019,37:59.0,22578,19381,49.99,05-09-2014
1020,11:01.0,22960,19652,49.99,05-09-2014
1021,18:20.0,22880,19597,49.99,05-09-2014
1022,19:50.0,22783,19530,49.99,05-09-2014
1023,50:27.0,22742,19499,49.99,05-09-2014
1024,51:55.0,22262,19150,49.99,05-09-2014
1025,29:04.0,22528,19346,49.99,05-09-2014
1026,03:07.0,22548,19360,49.99,05-09-2014
1027,29:04.0,22332,19203,49.99,05-09-2014
1028,18:33.0,23085,19742,59.99,06-09-2014
1029,38:37.0,22822,19557,49.99,06-09-2014
1030,47:26.0,22878,19596,49.99,06-09-2014
1031,49:44.0,23035,19709,45.99,06-09-2014
1032,01:57.0,22790,19535,29.99,06-09-2014
1033,02:50.0,22688,19463,49.99,06-09-2014
1034,29:39.0,23051,19720,49.99,06-09-2014
1035,32:24.0,22964,19655,49.99,06-09-2014
1036,29:01.0,22502,19327,49.99,07-09-2014
1037,37:44.0,22893,19604,49.99,07-09-2014
1038,17:13.0,22509,19333,49.99,07-09-2014
1039,04:04.0,23132,19776,49.99,07-09-2014
1040,47:09.0,22440,19284,49.99,07-09-2014
1041,47:54.0,22396,19253,49.99,07-09-2014
1042,25:21.0,22381,19241,45.99,07-09-2014
1043,19:47.0,22368,19232,49.99,07-09-2014
1044,36:49.0,22384,19243,49.99,07-09-2014
1045,28:32.0,23135,19778,49.99,07-09-2014
1046,30:27.0,22767,19518,49.99,07-09-2014
1047,06:05.0,22987,19673,49.99,08-09-2014
1048,09:17.0,23031,19706,49.99,08-09-2014
1049,06:26.0,22967,19657,49.99,08-09-2014
1050,52:52.0,22428,19275,49.99,08-09-2014
1051,25:37.0,22557,19367,49.99,08-09-2014
1052,57:03.0,23067,19731,49.99,08-09-2014
1053,43:21.0,22806,19546,49.99,08-09-2014
1054,07:09.0,22507,19331,49.99,08-09-2014
1055,02:57.0,22746,19502,49.99,09-09-2014
1056,11:04.0,22508,19332,49.99,09-09-2014
1057,44:08.0,22826,19560,49.99,09-09-2014
1058,56:34.0,23136,19779,49.99,09-09-2014
1059,10:42.0,22448,19290,49.99,09-09-2014
1060,07:31.0,22423,19271,49.99,09-09-2014
1061,50:53.0,22417,19267,49.99,09-09-2014
1062,00:06.0,22710,19476,49.99,09-09-2014
1063,02:57.0,22848,19576,49.99,09-09-2014
1064,31:59.0,22896,19606,49.99,09-09-2014
1065,43:19.0,22906,19613,49.99,09-09-2014
1066,38:52.0,23208,19834,49.99,09-09-2014
1067,56:43.0,22730,19490,49.99,09-09-2014
1068,59:40.0,22812,19551,49.99,09-09-2014
1069,32:39.0,22612,19405,49.99,09-09-2014
1070,33:28.0,22522,19343,49.99,10-09-2014
1071,28:06.0,23064,19729,49.99,10-09-2014
1072,40:58.0,22556,19366,49.99,10-09-2014
1073,13:04.0,22479,19312,49.99,10-09-2014
1074,21:09.0,23104,19757,49.99,10-09-2014
1075,18:59.0,22531,19349,49.99,10-09-2014
1076,23:41.0,22825,19559,49.99,10-09-2014
1077,57:09.0,23017,19695,45.99,10-09-2014
1078,05:15.0,23166,19801,49.99,10-09-2014
1079,15:46.0,22605,19399,49.99,10-09-2014
1080,52:43.0,22743,19500,49.99,10-09-2014
1081,13:29.0,23335,19930,49.99,10-09-2014
1082,36:52.0,22533,19351,49.99,10-09-2014
1083,46:57.0,23359,19947,49.99,11-09-2014
1084,47:45.0,22804,19544,49.99,11-09-2014
1085,18:36.0,22696,19468,49.99,11-09-2014
1086,35:16.0,22516,19339,49.99,11-09-2014
1087,15:29.0,22543,19357,49.99,11-09-2014
1088,32:24.0,23411,19983,49.99,11-09-2014
1089,48:22.0,23123,19770,49.99,11-09-2014
1090,40:08.0,23171,19805,49.99,11-09-2014
1091,22:54.0,22585,19385,49.99,11-09-2014
1092,45:50.0,22753,19507,49.99,11-09-2014
1093,17:46.0,22772,19522,49.99,11-09-2014
1094,29:23.0,22859,19583,49.99,12-09-2014
1095,24:51.0,23202,19829,49.99,12-09-2014
1096,24:25.0,23323,19922,49.99,12-09-2014
1097,22:41.0,23446,20008,49.99,12-09-2014
1098,03:22.0,22840,19570,49.99,12-09-2014
1099,52:44.0,23464,20020,49.99,12-09-2014
1100,06:44.0,22873,19592,49.99,12-09-2014
1101,22:18.0,23236,19855,49.99,12-09-2014
1102,18:11.0,23189,19820,49.99,12-09-2014
1103,39:25.0,22691,19465,49.99,12-09-2014
1104,59:48.0,23256,19871,49.99,13-09-2014
1105,30:27.0,22768,19518,59.99,13-09-2014
1106,32:05.0,23296,19900,49.99,13-09-2014
1107,27:58.0,22865,19587,49.99,13-09-2014
1108,04:35.0,22821,19556,49.99,13-09-2014
1109,24:53.0,22924,19627,49.99,13-09-2014
1110,12:47.0,23203,19830,49.99,13-09-2014
1111,06:03.0,23026,19702,49.99,13-09-2014
1112,27:25.0,23093,19748,49.99,14-09-2014
1113,56:56.0,23526,20067,49.99,14-09-2014
1114,32:09.0,23573,20101,49.99,14-09-2014
1115,04:22.0,23590,20115,49.99,14-09-2014
1116,20:26.0,23215,19840,49.99,14-09-2014
1117,24:27.0,22989,19674,49.99,14-09-2014
1118,05:34.0,22916,19620,49.99,15-09-2014
1119,07:33.0,22935,19634,45.99,15-09-2014
1120,14:18.0,23102,19756,49.99,15-09-2014
1121,02:28.0,23096,19751,49.99,15-09-2014
1122,00:08.0,22846,19575,49.99,15-09-2014
1123,26:15.0,22811,19550,49.99,15-09-2014
1124,44:54.0,23227,19848,45.99,15-09-2014
1125,03:07.0,23152,19791,49.99,15-09-2014
1126,25:07.0,23238,19856,49.99,15-09-2014
1127,25:42.0,22979,19666,49.99,16-09-2014
1128,50:13.0,23691,20192,49.99,16-09-2014
1129,09:40.0,23061,19727,45.99,16-09-2014
1130,37:24.0,23513,20058,49.99,16-09-2014
1131,27:24.0,22892,19603,49.99,16-09-2014
1132,13:13.0,22961,19653,49.99,16-09-2014
1133,12:39.0,22993,19678,49.99,16-09-2014
1134,45:35.0,23358,19946,49.99,16-09-2014
1135,58:49.0,23611,20131,49.99,16-09-2014
1136,37:23.0,23454,20013,49.99,16-09-2014
1137,03:11.0,23146,19787,49.99,16-09-2014
1138,13:02.0,23056,19723,49.99,17-09-2014
1139,59:33.0,22845,19574,49.99,17-09-2014
1140,49:22.0,23661,20171,49.99,17-09-2014
1141,59:09.0,23564,20094,49.99,17-09-2014
1142,38:02.0,23229,19850,49.99,17-09-2014
1143,05:54.0,23674,20181,49.99,17-09-2014
1144,19:59.0,22931,19632,49.99,17-09-2014
1145,42:03.0,23632,20148,49.99,17-09-2014
1146,56:27.0,23232,19853,49.99,17-09-2014
1147,45:00.0,23469,20024,49.99,17-09-2014
1148,19:49.0,23046,19716,49.99,17-09-2014
1149,40:11.0,23313,19915,49.99,17-09-2014
1150,23:06.0,23726,20216,45.99,18-09-2014
1151,49:07.0,23536,20075,49.99,18-09-2014
1152,24:57.0,23244,19862,49.99,18-09-2014
1153,32:53.0,23023,19700,49.99,18-09-2014
1154,25:56.0,23809,20276,49.99,18-09-2014
1155,20:35.0,23777,20254,49.99,18-09-2014
1156,52:08.0,23538,20076,49.99,18-09-2014
1157,26:56.0,23005,19688,49.99,18-09-2014
1158,19:30.0,23765,20245,49.99,19-09-2014
1159,53:56.0,23869,20322,59.99,19-09-2014
1160,08:32.0,23178,19810,49.99,19-09-2014
1161,29:46.0,23276,19885,49.99,19-09-2014
1162,54:11.0,23521,20064,49.99,19-09-2014
1163,23:26.0,23565,20095,49.99,19-09-2014
1164,57:21.0,23292,19898,59.99,20-09-2014
1165,24:00.0,23420,19988,29.99,20-09-2014
1166,57:01.0,23569,20098,49.99,20-09-2014
1167,14:12.0,23147,19788,49.99,20-09-2014
1168,32:02.0,23355,19944,49.99,20-09-2014
1169,57:23.0,23459,20016,49.99,20-09-2014
1170,13:18.0,23288,19894,49.99,20-09-2014
1171,23:46.0,23673,20180,49.99,21-09-2014
1172,15:57.0,23697,20196,45.99,21-09-2014
1173,00:26.0,23251,19867,59.99,21-09-2014
1174,30:00.0,23728,20217,49.99,22-09-2014
1175,39:45.0,23613,20133,49.99,22-09-2014
1176,37:38.0,23644,20158,49.99,22-09-2014
1177,58:52.0,23609,20129,49.99,22-09-2014
1178,05:39.0,23309,19912,49.99,22-09-2014
1179,37:38.0,23560,20091,49.99,22-09-2014
1180,44:54.0,23226,19848,49.99,22-09-2014
1181,19:14.0,23600,20122,49.99,22-09-2014
1182,35:52.0,23687,20189,49.99,22-09-2014
1183,43:52.0,23928,20364,49.99,22-09-2014
1184,50:07.0,23711,20205,49.99,22-09-2014
1185,54:53.0,23403,19978,49.99,22-09-2014
1186,07:39.0,23305,19909,49.99,22-09-2014
1187,54:50.0,23524,20066,49.99,22-09-2014
1188,34:43.0,24079,20479,49.99,23-09-2014
1189,48:49.0,23770,20249,45.99,23-09-2014
1190,57:39.0,23604,20125,49.99,23-09-2014
1191,48:26.0,23746,20231,49.99,23-09-2014
1192,53:24.0,23500,20049,49.99,24-09-2014
1193,58:49.0,23804,20273,49.99,24-09-2014
1194,39:05.0,23701,20199,49.99,24-09-2014
1195,09:33.0,24200,20568,49.99,24-09-2014
1196,56:53.0,23593,20117,49.99,24-09-2014
1197,15:57.0,23596,20119,49.99,25-09-2014
1198,04:13.0,23610,20130,49.99,25-09-2014
1199,23:05.0,23732,20220,49.99,25-09-2014
1200,22:23.0,23579,20105,45.99,25-09-2014
1201,26:00.0,23693,20193,49.99,25-09-2014
1202,17:55.0,23511,20057,49.99,25-09-2014
1203,02:14.0,23714,20207,45.99,26-09-2014
1204,10:40.0,24189,20560,49.99,26-09-2014
1205,28:32.0,23699,20198,49.99,26-09-2014
1206,27:43.0,23559,20090,49.99,27-09-2014
1207,42:09.0,24304,20645,49.99,27-09-2014
1208,12:46.0,23645,20159,49.99,28-09-2014
1209,48:41.0,23769,20248,49.99,28-09-2014
1210,23:37.0,23703,20200,49.99,28-09-2014
1211,21:22.0,23890,20337,45.99,28-09-2014
1212,51:05.0,23664,20174,49.99,28-09-2014
1213,23:33.0,23798,20268,49.99,28-09-2014
1214,04:55.0,24307,20647,45.99,28-09-2014
1215,24:15.0,23741,20228,49.99,28-09-2014
1216,50:13.0,23785,20260,49.99,29-09-2014
1217,01:41.0,23751,20235,49.99,29-09-2014
1218,41:24.0,23774,20251,49.99,29-09-2014
1219,30:28.0,23850,20306,45.99,30-09-2014
1220,19:00.0,24214,20578,49.99,30-09-2014
1221,17:55.0,23761,20242,49.99,30-09-2014
1222,32:34.0,24575,20837,49.99,01-10-2014
1223,42:21.0,24445,20744,49.99,01-10-2014
1224,43:58.0,24610,20861,29.99,01-10-2014
1225,18:28.0,24263,20611,45.99,01-10-2014
1226,54:56.0,24299,20640,45.99,02-10-2014
1227,11:33.0,24531,20805,49.99,03-10-2014
1228,05:54.0,24213,20577,45.99,05-10-2014
1229,53:43.0,24205,20571,29.99,05-10-2014
1230,31:04.0,24333,20664,49.99,05-10-2014
1231,13:02.0,24187,20559,49.99,06-10-2014
1232,48:44.0,24750,20966,59.99,06-10-2014
1233,52:32.0,24488,20775,59.99,06-10-2014
1234,44:30.0,25060,21192,45.99,07-10-2014
1235,35:25.0,24953,21113,29.99,07-10-2014
1236,41:13.0,24365,20686,45.99,07-10-2014
1237,57:22.0,24258,20609,49.99,08-10-2014
1238,53:49.0,24658,20897,45.99,08-10-2014
1239,31:27.0,25013,21156,49.99,09-10-2014
1240,13:56.0,24670,20906,45.99,09-10-2014
1241,14:11.0,25056,21190,49.99,09-10-2014
1242,13:20.0,24422,20729,45.99,10-10-2014
1243,32:30.0,24553,20821,29.99,10-10-2014
1244,58:58.0,24637,20882,59.99,10-10-2014
1245,27:58.0,24986,21138,49.99,11-10-2014
1246,58:17.0,25053,21187,59.99,11-10-2014
1247,37:22.0,25168,21270,45.99,11-10-2014
1248,49:55.0,25258,21334,49.99,12-10-2014
1249,17:09.0,24999,21146,49.99,12-10-2014
1250,03:58.0,25446,21473,49.99,13-10-2014
1251,37:41.0,24773,20982,59.99,13-10-2014
1252,19:39.0,24925,21095,49.99,13-10-2014
1253,35:16.0,25066,21197,45.99,13-10-2014
1254,28:49.0,24835,21028,49.99,14-10-2014
1255,37:45.0,24625,20872,45.99,14-10-2014
1256,08:46.0,25530,21539,29.99,15-10-2014
1257,47:57.0,25407,21444,45.99,15-10-2014
1258,59:12.0,25199,21293,49.99,16-10-2014
1259,15:27.0,24951,21112,45.99,16-10-2014
1260,24:59.0,25024,21165,45.99,17-10-2014
1261,08:33.0,25809,21741,45.99,17-10-2014
1262,06:25.0,25316,21378,49.99,18-10-2014
1263,22:41.0,25763,21708,59.99,18-10-2014
1264,15:11.0,25171,21273,49.99,18-10-2014
1265,21:49.0,25234,21317,29.99,19-10-2014
1266,18:32.0,25769,21712,49.99,21-10-2014
1267,34:18.0,25812,21743,45.99,21-10-2014
1268,19:55.0,25180,21278,29.99,22-10-2014
1269,42:43.0,25418,21453,29.99,23-10-2014
1270,04:46.0,25925,21826,59.99,23-10-2014
1271,34:00.0,26119,21976,49.99,23-10-2014
1272,23:13.0,25497,21510,45.99,25-10-2014
1273,36:33.0,26091,21957,49.99,25-10-2014
1274,37:20.0,26434,22204,45.99,26-10-2014
1275,51:51.0,25629,21607,45.99,26-10-2014
1276,07:58.0,26393,22175,49.99,27-10-2014
1277,15:18.0,25741,21692,49.99,27-10-2014
1278,44:59.0,25686,21651,49.99,28-10-2014
1279,00:30.0,25734,21687,49.99,28-10-2014
1280,00:37.0,26025,21906,49.99,30-10-2014
1281,38:09.0,26007,21892,49.99,30-10-2014
1282,44:50.0,26178,22018,45.99,01-11-2014
1283,09:00.0,26822,22483,29.99,02-11-2014
1284,22:18.0,26311,22114,49.99,03-11-2014
1285,06:31.0,26745,22429,49.99,03-11-2014
1286,31:56.0,26674,22382,49.99,03-11-2014
1287,16:36.0,26544,22280,45.99,05-11-2014
1288,22:46.0,26451,22216,49.99,05-11-2014
1289,23:33.0,26708,22403,59.99,05-11-2014
1290,42:48.0,26349,22143,49.99,05-11-2014
1291,57:08.0,26688,22390,29.99,06-11-2014
1292,28:09.0,26302,22108,49.99,06-11-2014
1293,20:05.0,26548,22283,49.99,07-11-2014
1294,50:25.0,26644,22359,45.99,08-11-2014
1295,01:40.0,27184,22752,49.99,09-11-2014
1296,13:28.0,26722,22411,49.99,10-11-2014
1297,18:56.0,26931,22560,29.99,10-11-2014
1298,04:45.0,26860,22511,49.99,10-11-2014
1299,20:51.0,26913,22547,45.99,12-11-2014
1300,05:02.0,27139,22717,49.99,13-11-2014
1301,32:53.0,27606,23063,49.99,13-11-2014
1302,59:21.0,26887,22532,45.99,14-11-2014
1303,48:01.0,27029,22634,45.99,14-11-2014
1304,21:10.0,27822,23215,45.99,15-11-2014
1305,45:17.0,26878,22526,45.99,15-11-2014
1306,00:24.0,26985,22598,29.99,15-11-2014
1307,22:35.0,26918,22551,59.99,15-11-2014
1308,53:58.0,27211,22773,45.99,15-11-2014
1309,58:04.0,27299,22836,45.99,15-11-2014
1310,01:53.0,27158,22731,29.99,16-11-2014
1311,43:22.0,27813,23208,29.99,17-11-2014
1312,01:52.0,27474,22966,45.99,17-11-2014
1313,52:49.0,27345,22869,59.99,18-11-2014
1314,39:37.0,27135,22714,49.99,18-11-2014
1315,42:38.0,28074,23402,45.99,19-11-2014
1316,18:28.0,27503,22986,59.99,19-11-2014
1317,34:02.0,28199,23496,49.99,20-11-2014
1318,51:17.0,27554,23026,49.99,20-11-2014
1319,21:40.0,27303,22839,45.99,20-11-2014
1320,37:27.0,28002,23347,45.99,20-11-2014
1321,07:09.0,27630,23080,59.99,20-11-2014
1322,06:45.0,27853,23239,49.99,21-11-2014
1323,40:06.0,28051,23386,49.99,21-11-2014
1324,08:12.0,27964,23321,49.99,21-11-2014
1325,31:31.0,27356,22879,49.99,21-11-2014
1326,04:23.0,27824,23217,45.99,21-11-2014
1327,50:33.0,28161,23467,49.99,21-11-2014
1328,14:11.0,27741,23157,49.99,22-11-2014
1329,16:05.0,27666,23107,49.99,22-11-2014
1330,55:14.0,28180,23482,49.99,23-11-2014
1331,08:46.0,27858,23242,49.99,23-11-2014
1332,56:48.0,27953,23312,45.99,25-11-2014
1333,39:40.0,28238,23526,59.99,25-11-2014
1334,52:02.0,27868,23251,49.99,26-11-2014
1335,15:04.0,28389,23634,45.99,26-11-2014
1336,46:58.0,28034,23374,49.99,28-11-2014
1337,57:26.0,27800,23200,45.99,28-11-2014
1338,08:12.0,27965,23321,45.99,28-11-2014
1339,08:53.0,28153,23460,59.99,29-11-2014
1340,31:49.0,27895,23272,49.99,29-11-2014
1341,27:56.0,28842,23973,49.99,29-11-2014
1342,13:46.0,28639,23822,49.99,29-11-2014
1343,34:46.0,28776,23924,45.99,29-11-2014
1344,45:52.0,28170,23475,49.99,30-11-2014
1345,12:32.0,28940,24043,29.99,30-11-2014
1346,43:02.0,28700,23868,49.99,30-11-2014
1347,29:43.0,29304,24308,49.99,01-12-2014
1348,37:22.0,29476,24433,49.99,01-12-2014
1349,58:26.0,29245,24265,49.99,01-12-2014
1350,54:59.0,29530,24472,49.99,01-12-2014
1351,00:49.0,29553,24490,49.99,01-12-2014
1352,07:35.0,28832,23967,45.99,01-12-2014
1353,45:04.0,28893,24012,49.99,02-12-2014
1354,42:19.0,28285,23559,45.99,02-12-2014
1355,08:41.0,29631,24544,49.99,02-12-2014
1356,31:55.0,29115,24172,49.99,03-12-2014
1357,58:33.0,29777,24646,49.99,03-12-2014
1358,24:19.0,29672,24573,49.99,03-12-2014
1359,17:59.0,29624,24538,49.99,03-12-2014
1360,05:34.0,29928,24751,49.99,03-12-2014
1361,07:56.0,28530,23741,49.99,03-12-2014
1362,46:21.0,29654,24561,59.99,04-12-2014
1363,56:13.0,29745,24624,49.99,04-12-2014
1364,35:47.0,28345,23604,49.99,04-12-2014
1365,39:23.0,29275,24286,49.99,04-12-2014
1366,31:25.0,29737,24618,49.99,05-12-2014
1367,48:29.0,29372,24356,59.99,05-12-2014
1368,57:07.0,28600,23792,45.99,05-12-2014
1369,10:46.0,29425,24398,49.99,05-12-2014
1370,39:11.0,30016,24816,49.99,06-12-2014
1371,37:58.0,29912,24740,49.99,06-12-2014
1372,37:50.0,29445,24413,45.99,06-12-2014
1373,22:20.0,30062,24852,45.99,07-12-2014
1374,33:52.0,29549,24486,49.99,07-12-2014
1375,45:26.0,29407,24385,45.99,07-12-2014
1376,06:50.0,29083,24150,49.99,07-12-2014
1377,48:59.0,29118,24174,45.99,07-12-2014
1378,27:25.0,28680,23852,45.99,07-12-2014
1379,31:09.0,28622,23809,49.99,07-12-2014
1380,24:28.0,29804,24666,49.99,07-12-2014
1381,57:31.0,30213,24966,49.99,07-12-2014
1382,16:15.0,29518,24463,49.99,08-12-2014
1383,50:32.0,29529,24471,49.99,08-12-2014
1384,11:32.0,30209,24963,45.99,08-12-2014
1385,10:39.0,28880,24003,49.99,08-12-2014
1386,58:49.0,28823,23961,49.99,08-12-2014
1387,59:47.0,29247,24266,49.99,08-12-2014
1388,15:52.0,30217,24969,45.99,09-12-2014
1389,19:53.0,29588,24514,49.99,09-12-2014
1390,31:19.0,30422,25117,29.99,09-12-2014
1391,46:41.0,29978,24785,49.99,09-12-2014
1392,49:31.0,30341,25058,49.99,09-12-2014
1393,35:27.0,28788,23932,29.99,09-12-2014
1394,17:39.0,30399,25099,49.99,10-12-2014
1395,41:29.0,28809,23950,59.99,10-12-2014
1396,38:46.0,29505,24453,45.99,10-12-2014
1397,53:04.0,29060,24132,49.99,10-12-2014
1398,00:43.0,30361,25070,49.99,10-12-2014
1399,54:59.0,29531,24472,29.99,10-12-2014
1400,39:59.0,30070,24858,49.99,11-12-2014
1401,23:24.0,30553,25214,49.99,11-12-2014
1402,49:37.0,29759,24633,49.99,11-12-2014
1403,06:43.0,30058,24848,49.99,11-12-2014
1404,25:11.0,29806,24667,45.99,11-12-2014
1405,20:56.0,29265,24278,45.99,12-12-2014
1406,50:46.0,30350,25063,45.99,12-12-2014
1407,54:07.0,30545,25206,49.99,12-12-2014
1408,24:16.0,30517,25186,29.99,13-12-2014
1409,25:14.0,29217,24246,49.99,13-12-2014
1410,22:21.0,30844,25444,45.99,13-12-2014
1411,46:59.0,29480,24436,49.99,14-12-2014
1412,07:11.0,29557,24493,49.99,14-12-2014
1413,33:43.0,29652,24560,49.99,14-12-2014
1414,03:03.0,29691,24586,45.99,15-12-2014
1415,50:00.0,30221,24972,29.99,15-12-2014
1416,14:56.0,30946,25521,49.99,15-12-2014
1417,08:30.0,29746,24625,59.99,16-12-2014
1418,57:42.0,30129,24900,49.99,16-12-2014
1419,20:46.0,29838,24689,59.99,17-12-2014
1420,53:06.0,30920,25502,49.99,18-12-2014
1421,12:10.0,30266,25003,45.99,18-12-2014
1422,46:47.0,30855,25452,45.99,18-12-2014
1423,45:15.0,30205,24959,49.99,18-12-2014
1424,08:12.0,30512,25182,29.99,18-12-2014
1425,23:25.0,31303,25790,49.99,19-12-2014
1426,42:29.0,31132,25663,45.99,20-12-2014
1427,41:22.0,30911,25496,45.99,20-12-2014
1428,55:55.0,31187,25705,49.99,21-12-2014
1429,41:44.0,31674,26060,49.99,22-12-2014
1430,51:34.0,31502,25935,45.99,22-12-2014
1431,39:59.0,31647,26040,29.99,22-12-2014
1432,04:40.0,30983,25549,49.99,23-12-2014
1433,08:36.0,30849,25448,49.99,23-12-2014
1434,56:45.0,31400,25861,45.99,23-12-2014
1435,00:24.0,31102,25640,45.99,23-12-2014
1436,16:27.0,31562,25980,49.99,23-12-2014
1437,18:49.0,30881,25474,49.99,23-12-2014
1438,19:28.0,30489,25165,45.99,23-12-2014
1439,44:11.0,31573,25987,49.99,23-12-2014
1440,37:51.0,31707,26084,49.99,23-12-2014
1441,48:49.0,30996,25558,49.99,24-12-2014
1442,13:49.0,30810,25420,45.99,24-12-2014
1443,38:39.0,31863,26207,49.99,24-12-2014
1444,09:47.0,31361,25833,49.99,24-12-2014
1445,24:58.0,31380,25848,49.99,24-12-2014
1446,03:18.0,31037,25590,59.99,25-12-2014
1447,43:37.0,31239,25743,49.99,25-12-2014
1448,54:54.0,31739,26109,49.99,26-12-2014
1449,45:33.0,31580,25992,49.99,26-12-2014
1450,37:51.0,31949,26270,49.99,26-12-2014
1451,46:29.0,31868,26211,49.99,26-12-2014
1452,11:46.0,31379,25847,49.99,27-12-2014
1453,04:04.0,32116,26396,59.99,27-12-2014
1454,01:52.0,31853,26199,59.99,27-12-2014
1455,44:23.0,31614,26017,45.99,27-12-2014
1456,29:29.0,32135,26410,59.99,28-12-2014
1457,37:26.0,32215,26475,45.99,28-12-2014
1458,07:02.0,31168,25691,29.99,28-12-2014
1459,23:58.0,31316,25799,49.99,28-12-2014
1460,13:39.0,32222,26480,45.99,29-12-2014
1461,20:54.0,32321,26556,49.99,29-12-2014
1462,02:27.0,31228,25735,49.99,29-12-2014
1463,36:05.0,32250,26503,45.99,30-12-2014
1464,38:48.0,31375,25844,45.99,30-12-2014
1465,49:19.0,31367,25838,49.99,30-12-2014
1466,32:29.0,31867,26210,49.99,30-12-2014
1467,35:21.0,32236,26492,49.99,31-12-2014
1468,09:44.0,31869,26212,49.99,31-12-2014
1469,31:41.0,31861,26205,45.99,01-01-2015
1470,49:57.0,32154,26424,45.99,01-01-2015
1471,52:34.0,31769,26131,45.99,02-01-2015
1472,02:25.0,31702,26080,49.99,02-01-2015
1473,22:10.0,31539,25964,45.99,02-01-2015
1474,47:14.0,32419,26633,49.99,02-01-2015
1475,02:08.0,32078,26365,45.99,03-01-2015
1476,34:04.0,32628,26781,59.99,03-01-2015
1477,52:45.0,32171,26439,59.99,04-01-2015
1478,59:50.0,31741,26111,49.99,04-01-2015
1479,42:31.0,31689,26070,45.99,04-01-2015
1480,04:57.0,32574,26742,29.99,05-01-2015
1481,29:39.0,31825,26175,45.99,05-01-2015
1482,27:41.0,32113,26393,45.99,06-01-2015
1483,18:59.0,32610,26769,49.99,06-01-2015
1484,15:16.0,32340,26570,49.99,06-01-2015
1485,01:48.0,32175,26442,49.99,06-01-2015
1486,47:28.0,32404,26621,49.99,06-01-2015
1487,36:50.0,32452,26656,45.99,07-01-2015
1488,04:13.0,32095,26378,45.99,07-01-2015
1489,52:22.0,32903,26987,49.99,08-01-2015
1490,10:41.0,31983,26294,45.99,08-01-2015
1491,54:21.0,32705,26835,29.99,08-01-2015
1492,11:28.0,32746,26867,49.99,08-01-2015
1493,06:50.0,33274,27263,45.99,09-01-2015
1494,02:05.0,32838,26934,49.99,09-01-2015
1495,01:58.0,33209,27214,45.99,09-01-2015
1496,02:30.0,32673,26814,45.99,09-01-2015
1497,59:58.0,32500,26692,49.99,10-01-2015
1498,28:26.0,32273,26522,59.99,10-01-2015
1499,36:20.0,33080,27121,49.99,10-01-2015
1500,19:52.0,32389,26608,49.99,11-01-2015
1501,32:25.0,32871,26961,49.99,12-01-2015
1502,07:36.0,32479,26675,49.99,12-01-2015
1503,10:48.0,32960,27030,59.99,12-01-2015
1504,36:52.0,32819,26919,45.99,12-01-2015
1505,47:12.0,33000,27061,49.99,12-01-2015
1506,50:38.0,33002,27062,49.99,12-01-2015
1507,09:46.0,32536,26717,49.99,12-01-2015
1508,57:52.0,32898,26982,45.99,12-01-2015
1509,54:17.0,33546,27469,49.99,13-01-2015
1510,26:18.0,33195,27202,49.99,13-01-2015
1511,49:27.0,32657,26802,45.99,13-01-2015
1512,36:11.0,32592,26757,45.99,13-01-2015
1513,06:55.0,32783,26895,45.99,13-01-2015
1514,20:59.0,33074,27116,45.99,14-01-2015
1515,36:08.0,33502,27437,45.99,15-01-2015
1516,28:00.0,32831,26928,49.99,15-01-2015
1517,11:52.0,32971,27037,49.99,16-01-2015
1518,32:26.0,33130,27161,49.99,16-01-2015
1519,20:37.0,33613,27519,45.99,17-01-2015
1520,10:28.0,33801,27658,29.99,17-01-2015
1521,33:33.0,34114,27892,49.99,17-01-2015
1522,54:03.0,34007,27812,49.99,17-01-2015
1523,24:08.0,34081,27867,49.99,18-01-2015
1524,12:34.0,33945,27765,45.99,18-01-2015
1525,25:43.0,33750,27622,49.99,19-01-2015
1526,47:12.0,33001,27061,45.99,19-01-2015
1527,53:53.0,33508,27441,45.99,19-01-2015
1528,25:44.0,33200,27207,49.99,19-01-2015
1529,41:24.0,33884,27722,49.99,20-01-2015
1530,08:20.0,33823,27674,59.99,20-01-2015
1531,33:08.0,33820,27671,49.99,20-01-2015
1532,08:21.0,34275,28008,29.99,21-01-2015
1533,25:49.0,34194,27951,49.99,21-01-2015
1534,29:57.0,34218,27969,45.99,21-01-2015
1535,30:26.0,33434,27382,49.99,21-01-2015
1536,10:43.0,34350,28063,49.99,21-01-2015
1537,20:26.0,33759,27628,45.99,21-01-2015
1538,34:15.0,34061,27851,49.99,21-01-2015
1539,43:34.0,33765,27632,49.99,22-01-2015
1540,53:59.0,33644,27539,49.99,22-01-2015
1541,27:10.0,33896,27729,45.99,22-01-2015
1542,57:20.0,33919,27746,59.99,22-01-2015
1543,07:51.0,33610,27518,49.99,22-01-2015
1544,14:21.0,33457,27403,59.99,22-01-2015
1545,38:50.0,33497,27433,49.99,24-01-2015
1546,10:34.0,34242,27985,45.99,25-01-2015
1547,25:55.0,33854,27698,49.99,25-01-2015
1548,52:44.0,34514,28177,49.99,25-01-2015
1549,12:47.0,34272,28005,59.99,26-01-2015
1550,33:39.0,34417,28108,49.99,26-01-2015
1551,52:37.0,34392,28091,45.99,27-01-2015
1552,35:41.0,34363,28071,45.99,27-01-2015
1553,35:07.0,34565,28215,45.99,28-01-2015
1554,40:43.0,34539,28196,49.99,28-01-2015
1555,47:36.0,34064,27853,49.99,28-01-2015
1556,10:34.0,34117,27894,49.99,28-01-2015
1557,01:56.0,33922,27749,45.99,29-01-2015
1558,51:44.0,34368,28074,49.99,29-01-2015
1559,37:20.0,34446,28129,45.99,29-01-2015
1560,10:13.0,34010,27814,49.99,29-01-2015
1561,35:59.0,34969,28519,49.99,29-01-2015
1562,37:23.0,34463,28141,49.99,29-01-2015
1563,44:27.0,34634,28267,45.99,30-01-2015
1564,44:47.0,35211,28699,45.99,30-01-2015
1565,01:28.0,35352,28798,45.99,30-01-2015
1566,08:53.0,34973,28521,49.99,31-01-2015
1567,41:31.0,34184,27943,59.99,31-01-2015
1568,29:31.0,34573,28220,49.99,31-01-2015
1569,05:36.0,34743,28349,49.99,01-02-2015
1570,00:31.0,35378,28816,49.99,01-02-2015
1571,34:53.0,34662,28286,49.99,01-02-2015
1572,53:04.0,34876,28445,29.99,02-02-2015
1573,57:14.0,35320,28776,49.99,02-02-2015
1574,36:37.0,34352,28064,59.99,02-02-2015
1575,05:39.0,35120,28631,49.99,02-02-2015
1576,31:27.0,34618,28254,29.99,02-02-2015
1577,37:55.0,35180,28677,49.99,03-02-2015
1578,24:32.0,35361,28803,49.99,03-02-2015
1579,09:27.0,35237,28717,49.99,05-02-2015
1580,44:35.0,35285,28749,45.99,05-02-2015
1581,24:04.0,35360,28802,29.99,05-02-2015
1582,35:45.0,34604,28243,45.99,05-02-2015
1583,52:05.0,34590,28233,59.99,05-02-2015
1584,30:40.0,34624,28260,59.99,05-02-2015
1585,56:12.0,35531,28922,29.99,05-02-2015
1586,00:21.0,34845,28423,29.99,06-02-2015
1587,16:06.0,35752,29086,45.99,06-02-2015
1588,02:47.0,35455,28872,49.99,06-02-2015
1589,16:28.0,34978,28526,45.99,07-02-2015
1590,32:32.0,35603,28976,45.99,07-02-2015
1591,34:08.0,35842,29155,59.99,07-02-2015
1592,04:26.0,35756,29089,45.99,08-02-2015
1593,59:24.0,36124,29367,49.99,08-02-2015
1594,38:06.0,35421,28847,49.99,08-02-2015
1595,08:18.0,35340,28790,49.99,09-02-2015
1596,56:44.0,35071,28594,45.99,10-02-2015
1597,25:09.0,35708,29050,45.99,10-02-2015
1598,34:19.0,35167,28668,45.99,10-02-2015
1599,53:37.0,36118,29363,49.99,10-02-2015
1600,42:43.0,35424,28849,49.99,10-02-2015
1601,14:54.0,35915,29214,49.99,11-02-2015
1602,18:22.0,35162,28663,59.99,12-02-2015
1603,24:04.0,35359,28802,49.99,12-02-2015
1604,08:16.0,35929,29223,49.99,12-02-2015
1605,42:34.0,35250,28727,49.99,12-02-2015
1606,57:18.0,36295,29495,45.99,12-02-2015
1607,14:30.0,35436,28858,45.99,13-02-2015
1608,27:19.0,35704,29048,49.99,13-02-2015
1609,09:49.0,36844,29933,49.99,15-02-2015
1610,36:03.0,36285,29488,29.99,15-02-2015
1611,18:55.0,35773,29103,45.99,15-02-2015
1612,46:47.0,36132,29372,45.99,16-02-2015
1613,02:09.0,36417,29594,49.99,16-02-2015
1614,48:11.0,36111,29359,49.99,16-02-2015
1615,23:21.0,36744,29855,49.99,17-02-2015
1616,39:41.0,35762,29093,49.99,17-02-2015
1617,52:45.0,35757,29090,49.99,17-02-2015
1618,38:33.0,36794,29895,59.99,17-02-2015
1619,32:46.0,36519,29675,59.99,18-02-2015
1620,37:58.0,36172,29403,49.99,18-02-2015
1621,24:00.0,37052,30100,59.99,20-02-2015
1622,51:39.0,36304,29503,49.99,20-02-2015
1623,45:50.0,36884,29964,59.99,20-02-2015
1624,48:17.0,36366,29550,59.99,20-02-2015
1625,06:44.0,36019,29292,45.99,20-02-2015
1626,35:55.0,36362,29547,49.99,21-02-2015
1627,00:45.0,37379,30344,49.99,21-02-2015
1628,57:13.0,37287,30279,49.99,21-02-2015
1629,55:51.0,36454,29624,49.99,21-02-2015
1630,43:04.0,36871,29953,49.99,21-02-2015
1631,02:01.0,36821,29916,59.99,22-02-2015
1632,44:53.0,37523,30450,49.99,22-02-2015
1633,55:32.0,36271,29478,49.99,22-02-2015
1634,06:31.0,36729,29843,45.99,22-02-2015
1635,30:09.0,37098,30134,49.99,23-02-2015
1636,54:51.0,36996,30054,49.99,23-02-2015
1637,52:20.0,36917,29990,45.99,24-02-2015
1638,18:29.0,36341,29530,59.99,24-02-2015
1639,46:53.0,37266,30263,49.99,24-02-2015
1640,15:51.0,37121,30151,49.99,25-02-2015
1641,39:11.0,36717,29833,45.99,27-02-2015
1642,20:26.0,37316,30300,49.99,27-02-2015
1643,49:04.0,37513,30444,29.99,27-02-2015
1644,49:04.0,37300,30288,49.99,27-02-2015
1645,40:38.0,36971,30034,49.99,28-02-2015
1646,39:47.0,38070,30858,59.99,28-02-2015
1647,32:24.0,37411,30367,49.99,28-02-2015
1648,44:02.0,38100,30878,59.99,01-03-2015
1649,09:05.0,37904,30731,45.99,01-03-2015
1650,56:29.0,37416,30371,49.99,02-03-2015
1651,28:13.0,37861,30699,45.99,02-03-2015
1652,38:30.0,38054,30844,29.99,02-03-2015
1653,50:03.0,37450,30397,49.99,02-03-2015
1654,15:03.0,37924,30746,45.99,02-03-2015
1655,42:26.0,38083,30867,29.99,02-03-2015
1656,06:49.0,38166,30931,45.99,03-03-2015
1657,26:35.0,37663,30553,45.99,03-03-2015
1658,36:51.0,38168,30933,59.99,03-03-2015
1659,08:32.0,38340,31066,49.99,03-03-2015
1660,28:48.0,37598,30509,29.99,04-03-2015
1661,18:32.0,38229,30977,29.99,04-03-2015
1662,38:48.0,38055,30845,49.99,04-03-2015
1663,07:37.0,38425,31132,49.99,04-03-2015
1664,01:50.0,38397,31113,49.99,05-03-2015
1665,06:47.0,37784,30641,49.99,05-03-2015
1666,10:22.0,38179,30941,45.99,07-03-2015
1667,25:13.0,38010,30810,49.99,07-03-2015
1668,55:53.0,37568,30486,49.99,07-03-2015
1669,15:28.0,37686,30571,49.99,07-03-2015
1670,59:24.0,38667,31311,49.99,08-03-2015
1671,08:19.0,38107,30884,49.99,08-03-2015
1672,32:07.0,38129,30901,45.99,08-03-2015
1673,20:20.0,37886,30718,45.99,09-03-2015
1674,45:42.0,38356,31078,45.99,09-03-2015
1675,59:23.0,38627,31283,45.99,10-03-2015
1676,12:05.0,38309,31040,49.99,10-03-2015
1677,26:59.0,38287,31023,29.99,10-03-2015
1678,47:31.0,37891,30722,49.99,11-03-2015
1679,57:45.0,38195,30952,45.99,11-03-2015
1680,47:09.0,38000,30804,29.99,11-03-2015
1681,45:12.0,38492,31181,49.99,11-03-2015
1682,36:38.0,38896,31486,49.99,12-03-2015
1683,05:46.0,38090,30872,45.99,13-03-2015
1684,39:57.0,38900,31489,45.99,13-03-2015
1685,05:41.0,38494,31183,45.99,13-03-2015
1686,01:06.0,39003,31561,59.99,13-03-2015
1687,25:22.0,38593,31256,29.99,13-03-2015
1688,33:02.0,38274,31014,49.99,13-03-2015
1689,53:35.0,39092,31622,49.99,14-03-2015
1690,21:19.0,39026,31578,49.99,14-03-2015
1691,11:27.0,39225,31720,49.99,14-03-2015
1692,40:25.0,39113,31638,45.99,15-03-2015
1693,31:01.0,39475,31905,45.99,15-03-2015
1694,33:22.0,38700,31335,49.99,15-03-2015
1695,30:05.0,39585,31984,49.99,16-03-2015
1696,21:34.0,38851,31449,49.99,16-03-2015
1697,09:52.0,38427,31133,49.99,17-03-2015
1698,40:17.0,39194,31695,49.99,17-03-2015
1699,52:07.0,38625,31281,49.99,17-03-2015
1700,36:38.0,38897,31486,45.99,17-03-2015
1701,53:08.0,39663,32043,45.99,17-03-2015
1702,45:11.0,38955,31527,29.99,17-03-2015
1703,55:14.0,38605,31266,49.99,18-03-2015
1704,00:54.0,38978,31545,45.99,18-03-2015
1705,18:08.0,39486,31914,59.99,19-03-2015
1706,28:48.0,39029,31579,45.99,19-03-2015
1707,46:20.0,38940,31517,49.99,19-03-2015
1708,44:12.0,38802,31412,45.99,20-03-2015
1709,22:50.0,39546,31957,49.99,21-03-2015
1710,05:07.0,39705,32072,49.99,21-03-2015
1711,18:39.0,39199,31699,45.99,21-03-2015
1712,13:40.0,39696,32065,49.99,21-03-2015
1713,42:54.0,39189,31690,49.99,22-03-2015
1714,40:10.0,39172,31678,45.99,22-03-2015
1715,31:53.0,39813,32152,49.99,22-03-2015
1716,15:55.0,39278,31760,45.99,22-03-2015
1717,30:42.0,39713,32077,59.99,22-03-2015
1718,52:58.0,39428,31871,49.99,23-03-2015
1719,19:57.0,39370,31830,45.99,23-03-2015
1720,47:15.0,39243,31733,59.99,24-03-2015
1721,24:58.0,39680,32055,45.99,27-03-2015
1722,10:53.0,39860,32191,49.99,27-03-2015
1723,16:02.0,39674,32051,45.99,27-03-2015
1724,34:49.0,39819,32156,45.99,28-03-2015
1725,38:31.0,39449,31884,49.99,28-03-2015
1726,41:36.0,39759,32111,49.99,29-03-2015
1727,37:23.0,39950,32255,59.99,30-03-2015
1728,33:51.0,39671,32049,49.99,30-03-2015
1729,59:48.0,39729,32090,49.99,31-03-2015
1730,54:48.0,39717,32079,59.99,01-04-2015
1731,11:08.0,39947,32252,45.99,01-04-2015
